Bewick|3 / 2010|Sir John Fenwick|1
Bewick|3 / 2010|Mitford Galloway|2
Bewick|3 / 2010|Ranting Roaring Willy|2
Bewick|3 / 2010|Lads Of Alnwick (The)|4
Bewick|3 / 2010|Shew us the way to Wallington|4
Bewick|3 / 2010|Dorrington Lads|5
Bewick|3 / 2010|How Can Thou Gang Away & Leave Me|6
Bewick|3 / 2010|Oh My Nanny|6
Bewick|3 / 2010|Sweet as Sugar Candy|7
Bewick|3 / 2010|Hoop Her and Gerd Her|8
Bewick|3 / 2010|Jockey Lay up in the Loft|9
Bewick|3 / 2010|Little Wat Ye Wha's Coming|10
Bewick|3 / 2010|John Cuthbertson's Fancy|11
Bewick|3 / 2010|Fairly Shot On Her|12
Bewick|3 / 2010|Cock Up Your Beaver|13
Bewick|3 / 2010|I'll have her awa in Spite of Her Minnie|14
Bewick|3 / 2010|Duncan Grey|16
Bewick|3 / 2010|CornRiggs|17
Bewick|3 / 2010|Shilling O Gary|18
Bewick|3 / 2010|Blackett Of Wylam|19
Bewick|3 / 2010|Where hast though been All the Night|19
Bewick|3 / 2010|Mary Scott|20
Bewick|3 / 2010|Wap at the Widow My Laddie|21
Bewick|3 / 2010|An Ye Had Been where I have been You Wou'd Not Been So Canty|22
Bewick|3 / 2010|Gin Ye Winna Take Me Ye May Let Me Be|22
Bewick|3 / 2010|My Love is but a Lassie Yet|23
Bewick|3 / 2010|Bannocks of Beer Meal|24
Bewick|3 / 2010|Berwick Johnny|25
Bewick|3 / 2010|Bonny Dundee|26
Bewick|3 / 2010|Marquis of Huntley's Strathspey (The|26
Bewick|3 / 2010|Tweedside|27
Bewick|3 / 2010|Alloa House|28
Bewick|3 / 2010|Cumbernauld House|28
Bewick|3 / 2010|This is no my Aine House|29
Bewick|3 / 2010|Bonniest Lass In A' The World (The)|30
Bewick|3 / 2010|Highland Whisky|30
Bewick|3 / 2010|New Road to Tynemouth|31
Bewick|3 / 2010|New Tyne Bridge (The)|31
Bewick|3 / 2010|Fly let us awa to the Bridal|32
Bewick|3 / 2010|Morgiana|32
Bewick|3 / 2010|Gang to the Ky Wi Me|33
Bewick|3 / 2010|Morgiana in Ireland|33
Bewick|3 / 2010|Blyth Camp|34
Bewick|3 / 2010|Morgiana in Wales|34
Bewick|3 / 2010|Bonny at Morn|35
Bewick|3 / 2010|Morgiana in Spain|35
Bewick|3 / 2010|Juliana|36
Bewick|3 / 2010|Pantheon Cottillon|36
Bewick|3 / 2010|Opera Hat|37
Bewick|3 / 2010|Bewick's Hornpipe|38
Bewick|3 / 2010|Gilsland Hornpipe II (The)|38
Bewick|3 / 2010|Lord Cathcart's Welcome to Scotland|38
Bewick|3 / 2010|New Bridge Hornpipe|39
Bewick|3 / 2010|Newcastle Hornpipe|39
Bewick|3 / 2010|Shields Fair|40
Bewick|3 / 2010|South Shields Lasses|40
Bewick|3 / 2010|Shepherd's Hornpipe (The)|41
Bewick|3 / 2010|Shuter's Hornpipe|41
Bewick|3 / 2010|Coquet Side|42
Bewick|3 / 2010|Miss Denton's Fancy|42
Bewick|3 / 2010|Piper's Maggot|42
Bewick|3 / 2010|Fairy Dance|43
Bewick|3 / 2010|German Spa|43
Bewick|3 / 2010|Miss Crawford's Reel|43
Bewick|3 / 2010|Bewick's March|44
Bewick|3 / 2010|Percy March|44
Bewick|3 / 2010|Persian Dance|44
Bewick|3 / 2010|Cacklin Hen's March (The)|45
Bewick|3 / 2010|Sir Sidney Smith's Strathspey|45
Bewick|3 / 2010|Captain Ross|46
Bewick|3 / 2010|Peacock's Rant|46
Bewick|3 / 2010|Braes od Balquidder (The)|47
Bewick|3 / 2010|Mary Scott the Flower of Yarrow|47
Bewick|3 / 2010|Gateshead Waltz|48
Bewick|3 / 2010|Rock and a Wi Pickle Tow (A)|48
Bewick|3 / 2010|Andrew Kerr|49
Bewick|3 / 2010|Boddies of Birse (The)|49
Bewick|3 / 2010|Lady Madelina Sinclair's Strathspey|50
Bewick|3 / 2010|Unknown|50
Bewick|3 / 2010|Holy Halfpenny|51
Billy Pigg's Compositions|?|Archies Fancy|1
Billy Pigg's Compositions|?|Wallington Hall|1
Billy Pigg's Compositions|?|Back to the Hills|2
Billy Pigg's Compositions|?|Border Spirit|2
Billy Pigg's Compositions|?|Keening in the Wind|2
Billy Pigg's Compositions|?|Bonny Woodside|3
Billy Pigg's Compositions|?|Gypsys Lullaby,  The|3
Billy Pigg's Compositions|?|Tom of Biddlestone|4
Billy Pigg's Compositions|?|Toms March|4
Billy Pigg's Compositions|?|Tosson March|4
Billy Pigg's Compositions|?|Bill Charltons Fancy|5
Billy Pigg's Compositions|?|Coffee Bridge|7
Billy Pigg's Compositions|?|Old Drove Road,  The|7
Billy Pigg's Compositions|?|J. R. Pigg|8
Billy Pigg's Compositions|?|Northumbrian Gathering|9
Billy Pigg's Compositions|?|Kielder Fells|10
Billy Pigg's Compositions|?|Rookland Lasses|10
Billy Pigg's Compositions|?|Carrick Reel,  The|11
Billy Pigg's Compositions|?|John of Carrick|11
Billy Pigg's Compositions|?|Carrick Hornpipe,  The|12
Billy Pigg's Compositions|?|Jane of Biddlestone|13
Billy Pigg's Compositions|?|Mary Armstrong|14
Billy Pigg's Compositions|?|Billy Piggs Hornpipe|15
Billy Pigg's Compositions|?|Toras Hornpipe|15
Billy Pigg's Compositions|?|Annes Wedding|16
Billy Pigg's Compositions|?|Raylees|16
Billy Pigg's Compositions|?|Foxhunters Hornpipe,  The|17
Billy Pigg's Compositions|?|Woodhall hornpipe|17
Billy Pigg's Compositions|?|Anne of Hindhope|18
Billy Pigg's Compositions|?|Biddlestone Lasses Hornpipe,  The|18
Billy Pigg's Compositions|?|Billsmoor|19
Billy Pigg's Compositions|?|Coates Hall|19
Billy Pigg's Compositions|?|Hepple Haugh|20
Billy Pigg's Compositions|?|Kings Hall|20
Billy Pigg's Compositions|?|Tom of Bellingham|20
Billy Pigg's Compositions|?|Little Jenny|21
Billy Pigg's Compositions|?|Tommy Piggs tune|22
Billy Pigg's Compositions|?|Woodside lasses|22
Billy Pigg's Compositions|?|Young Billies|22
Billy Pigg's Compositions|?|Doctor Browne|23
Billy Pigg's Compositions|?|Two Ladies of Ovenstone,  The|23
Billy Pigg's Compositions|?|Coquet Hornpipe,  The|24
Billy Pigg's Compositions|?|Boulavogue|31
Billy Pigg's Compositions|?|Crooked Bawbee|32
Billy Pigg's Compositions|?|Memories|33
Billy Pigg's Repertoire|?|Alyth Burn|1
Billy Pigg's Repertoire|?|Billys Alston Tune|1
Billy Pigg's Repertoire|?|Blackbird,  The|2
Billy Pigg's Repertoire|?|Blow the Wind Southerly|3
Billy Pigg's Repertoire|?|Brides Favourite,  The|3
Billy Pigg's Repertoire|?|Bonnie Lass of Bon Accord,  The|4
Billy Pigg's Repertoire|?|Broken Panel,  The|5
Billy Pigg's Repertoire|?|Cairdin ot,  The|5
Billy Pigg's Repertoire|?|Caller Herrin|6
Billy Pigg's Repertoire|?|Cambo March|7
Billy Pigg's Repertoire|?|Coilsfield House|8
Billy Pigg's Repertoire|?|Cold Nights of Winter,  The|8
Billy Pigg's Repertoire|?|Coolin,  The|9
Billy Pigg's Repertoire|?|Dargai|10
Billy Pigg's Repertoire|?|Father Kellys|12
Billy Pigg's Repertoire|?|Father o Flynn|12
Billy Pigg's Repertoire|?|Kings Favourite,  The|12
Billy Pigg's Repertoire|?|Golden Eagle,  The|13
Billy Pigg's Repertoire|?|Hawk,  The|13
Billy Pigg's Repertoire|?|Highland Laddie|14
Billy Pigg's Repertoire|?|Hold the Fort|15
Billy Pigg's Repertoire|?|High Level set,  The|16
Billy Pigg's Repertoire|?|John Anderson,  my Jo|17
Billy Pigg's Repertoire|?|J.B. Milne|18
Billy Pigg's Repertoire|?|Kemnay House set|18
Billy Pigg's Repertoire|?|Kinclaven Brig|18
Billy Pigg's Repertoire|?|Mrs E. N. Monair of Bruach|18
Billy Pigg's Repertoire|?|Iron Man,  The|20
Billy Pigg's Repertoire|?|Lark in the Clear Air,  The|20
Billy Pigg's Repertoire|?|Jenny Bell Polka,  The|21
Billy Pigg's Repertoire|?|King of the Pipers,  The|21
Billy Pigg's Repertoire|?|John McFadyen of Melfort|22
Billy Pigg's Repertoire|?|King Robert the Bruce|23
Billy Pigg's Repertoire|?|Last of the Twins,  The|24
Billy Pigg's Repertoire|?|Lea Rigg,  The|24
Billy Pigg's Repertoire|?|Londonderry hornpipe,  The|25
Billy Pigg's Repertoire|?|Madam Bonaparte|26
Billy Pigg's Repertoire|?|Marquis of Waterford,  The|28
Billy Pigg's Repertoire|?|Mr Michie|29
Billy Pigg's Repertoire|?|Maggie Lauder|30
Billy Pigg's Repertoire|?|Mallorca|31
Billy Pigg's Repertoire|?|Mrs Elders Welcome|32
Billy Pigg's Repertoire|?|Pipers Weird,  The|32
Billy Pigg's Repertoire|?|Monymusk|33
Billy Pigg's Repertoire|?|Niel Gows Lament for J. Moray of Abercairney|33
Billy Pigg's Repertoire|?|Morpeth Rant|34
Billy Pigg's Repertoire|?|Poppy Leaf,  The|34
Billy Pigg's Repertoire|?|O Driscolls Favourite|35
Billy Pigg's Repertoire|?|Old Church Hornpipe,  The|35
Billy Pigg's Repertoire|?|Pulling Hard against the stream|36
Billy Pigg's Repertoire|?|Rosewood|36
Billy Pigg's Repertoire|?|Storrers Hornpipe|36
Billy Pigg's Repertoire|?|Roselea|37
Billy Pigg's Repertoire|?|Skye Crofters|38
Billy Pigg's Repertoire|?|Sliabh na mban|39
Billy Pigg's Repertoire|?|Sunshine hornpipe,  The|40
Billy Pigg's Repertoire|?|Swallows Tail,  The|40
Billy Pigg's Repertoire|?|Wind that shakes the barley,  The|40
Billy Pigg's Repertoire|?|Wild Hills of Wannie|41
Border Minstrel|1|Archie's Fancy|23
Border Minstrel|1|Border Spirit|24
Border Minstrel|1|Gypsy's Lullaby|24
Border Minstrel|1|Bonnie Woodside|25
Border Minstrel|1|Keening in the Wind|25
Border Minstrel|1|Wallington Hall|26
Border Minstrel|1|Tom's March|27
Border Minstrel|1|Tosson March|27
Border Minstrel|1|Bill Charlton't Fancy|29
Border Minstrel|1|J. R. Pigg|30
Border Minstrel|1|Old Drove Road (The)|31
Border Minstrel|1|Northumbrian Gathering|32
Border Minstrel|1|Coffee Bridge|33
Border Minstrel|1|Kielder Fells|34
Border Minstrel|1|Rookland Lasses or Billy's Jig|34
Border Minstrel|1|Alyth Burn Archie of Harehaugh|35
Border Minstrel|1|Carrick Hornpipe|36
Border Minstrel|1|Carrick Reel|37
Border Minstrel|1|John of Carrick|37
Border Minstrel|1|Anne's Wedding|38
Border Minstrel|1|Mary Armstrong|38
Border Minstrel|1|Raylees|39
Border Minstrel|1|Billy Pigg's|40
Border Minstrel|1|Tora's Hornpipe|40
Border Minstrel|1|Foxhunter's Hornpipe (The)|41
Border Minstrel|1|Woodhall Hornpipe|41
Border Minstrel|1|Biddlestone Hornpipe|42
Border Minstrel|1|Cote Walls or Coates Hall|43
Border Minstrel|1|Jane of Bibblestone|43
Border Minstrel|1|Anne of Hindhope|44
Border Minstrel|1|Hepple Haugh or King's Hall|44
Border Minstrel|1|Billsmoor|45
Border Minstrel|1|Little Jenny|46
Border Minstrel|1|Dr Browne|47
Border Minstrel|1|Tom of Bellingham|47
Border Minstrel|1|Unknown No 1|48
Border Minstrel|1|Unknown No 2|48
Border Minstrel|1|Unknown No 3|49
Border Minstrel|1|Unknown No 4|49
Border Minstrel|1|Pulling Hard Against the Stream|50
Border Minstrel|1|Roselea|51
Border Minstrel|1|Wild Hills of Wannie|53
Border Minstrel|1|Blow the Wind Southerly|54
Border Minstrel|1|Madame Bonaparte|55
Border Minstrel|1|New High Level|56
Border Minstrel|1|Mr Michie|57
Border Minstrel|1|Robert the Bruce|58
Border Minstrel|1|Dargai|59
Charlton MTB|1956|Boring with the Gimlet|1
Charlton MTB|1956|Park|1
Charlton MTB|1956|Whistle o'er the Lave o't|1
Charlton MTB|1956|Beeswing|2
Charlton MTB|1956|Horsley Lasses|2
Charlton MTB|1956|Nunwick Mill|2
Charlton MTB|1956|Hall's Right Pump|3
Charlton MTB|1956|Shane's Fancy|3
Charlton MTB|1956|Banks of the Dee|4
Charlton MTB|1956|Bellingham Boat|4
Charlton MTB|1956|By Summers|5
Charlton MTB|1956|I have a Wife of my aine|5
Charlton MTB|1956|Kiss the Lass you like Best|5
Charlton MTB|1956|Long Long Ago|6
Charlton MTB|1956|New Drops of Brandy|6
Charlton MTB|1956|Braw Lads of Jedburgh (The)|7
Charlton MTB|1956|Up the Town|7
Charlton MTB|1956|Chips and Shavens|8
Charlton MTB|1956|Jack's Alive|8
Charlton MTB|1956|Carinsyke Lodge|9
Charlton MTB|1956|Mr Sharp's Quadrille|9
Charlton MTB|1956|Buff and Blue|10
Charlton MTB|1956|Lady of the Lake|10
Charlton MTB|1956|Ruffian's Rant|10
Charlton MTB|1956|Duchess' Slippers|11
Charlton MTB|1956|Weymouth Quickstep|11
Charlton MTB|1956|Favourite Tune (A)|12
Charlton MTB|1956|Girl I left behind me (The)|12
Charlton MTB|1956|Barngann Gill|13
Charlton MTB|1956|Newcastle Station|13
Charlton MTB|1956|Hurrah for the Bonnets of Blue|14
Charlton MTB|1956|Oyster Girl|14
Charlton MTB|1956|Old Wife behind the Haystack|15
Charlton MTB|1956|Queen of Sluts|15
Charlton MTB|1956|Willie is a Bonny Lad|15
Charlton MTB|1956|Erin Go Bragh|16
Charlton MTB|1956|Jessie the Flower of Dunblane|16
Charlton MTB|1956|Andrew Carey|17
Charlton MTB|1956|Flying Coach (The)|17
Charlton MTB|1956|Over the Water to Charlie|18
Charlton MTB|1956|Jocky lay in the Hay Loft|19
Charlton MTB|1956|Lass of Dundee|19
Charlton MTB|1956|Black Jack|20
Charlton MTB|1956|Dear Tobacco|20
Charlton MTB|1956|Fox and the Grapes (The)|20
Charlton MTB|1956|Clean Pea Straw|21
Charlton MTB|1956|Jackie's Friends is never pleased|21
Charlton MTB|1956|Corn Riggs|22
Charlton MTB|1956|Keel Row (The)|24
Charlton MTB|1956|Cuddie Clauder|26
Charlton MTB|1956|This is no my ain Lassie|28
Charlton MTB|1956|Coket Side|30
Charlton MTB|1956|Miss Maydell Armstrong|30
Charlton MTB|1956|Wylam Away|30
Charlton MTB|1956|My Wife's a Wanton We Thing|32
Charlton MTB|1956|Howlet and the Weazle|33
Charlton MTB|1956|Jigg|33
Charlton MTB|1956|Captain Mulligan|34
Charlton MTB|1956|Speed the Plough|34
Charlton MTB|1956|Catterthun|35
Charlton MTB|1956|Miss Murray's Reel|35
Charlton MTB|1956|Lady Harriet Hope's Reel|36
Charlton MTB|1956|Miss Johnson's Reel|36
Charlton MTB|1956|Captain Ross|37
Charlton MTB|1956|Lord Lyncock|37
Charlton MTB|1956|Highlands Of Banffshire|38
Charlton MTB|1956|Miss Jane Johnstone|38
Charlton MTB|1956|Hornpipe|42
Charlton MTB|1956|Hornpipe (A)|45
Charlton MTB|1956|Remember Me Hornpipe|40
Charlton MTB|1956|Little Henie|41
Charlton MTB|1956|Mrs Dickinson's Hornpipe|41
Charlton MTB|1956|Sheffield Hornpipe (The)|42
Charlton MTB|1956|Liddell's Hornpipe|43
Charlton MTB|1956|Miss Thompson's Hornpipe|43
Charlton MTB|1956|Stockton Hornpipe|44
Charlton MTB|1956|Bristol Hornpipe|45
Charlton MTB|1956|Exhibition Hornpipe|46
Charlton MTB|1956|Shipley's Hornpipe|46
Charlton MTB|1956|Millicent's Favourite|47
Charlton MTB|1956|Glendale Hornpipe (The)|48
Charlton MTB|1956|Whittingham Vale Hornpipe|48
Charlton MTB|1956|Coquetdale Hornpipe|49
Charlton MTB|1956|Tyndale Honpipe (The)|49
Charlton MTB|1956|Morpeth Rant|50
Charlton MTB|1956|Rowley Burn|50
Charlton MTB|1956|Believe me|51
Charlton MTB|1956|Wrap up Rowl up|51
Charlton MTB|1956|Blue Bells of Scotland|52
Charlton MTB|1956|Buttered Peas|53
Charlton MTB|1956|Derwentwater's Farewell|53
Charlton MTB|1956|Deil's in the Fish|54
Charlton MTB|1956|Mille o' Dron (The)|55
Charlton MTB|1956|Town Green Polka|55
Charlton MTB|1956|Broken Panel (The)|56
Charlton MTB|1956|Old Wife on the Hay Mow (The)|56
Charlton MTB|1956|Back of the Grampian Hills|57
Charlton MTB|1956|Mile (The)|57
Charlton MTB|1956|Quay Side (The)|58
Charlton MTB|1956|Silver Street Lasses|58
Charlton MTB|1956|Marquis of Huntly's Reel|59
Charlton MTB|1956|Miss Ward's Reel|59
Charlton MTB|1956|Squire of Bentham|59
Charlton MTB|1956|Hareshawhead Strathspey|60
Charlton MTB|1956|Heather Bell Hornpipe|60
Charlton MTB|1956|James Davey's Hornpipe|61
Charlton MTB|1956|When the Tide comes in|61
Charlton MTB|1956|Lea Riggs (The)|62
Continuing the Tradition|?|Kepano Quickstep|1
Continuing the Tradition|?|Thanks to Cocks & Bryan|1
Continuing the Tradition|?|Pipers Elbow,  The|2
Continuing the Tradition|?|Trows Burn|2
Continuing the Tradition|?|Dog Leap Stairs|3
Continuing the Tradition|?|Road to the North|3
Continuing the Tradition|?|Road to the North,  The|3
Continuing the Tradition|?|Cheviot Lament|4
Continuing the Tradition|?|Winter Wren,  The|4
Continuing the Tradition|?|Alwinton Fair|5
Continuing the Tradition|?|Ride around the Mountain,  The|5
Continuing the Tradition|?|Harwood Forest|6
Continuing the Tradition|?|Silver Lonnen|6
Continuing the Tradition|?|Corbetts Favour|7
Continuing the Tradition|?|Pretty Pearl|7
Continuing the Tradition|?|Ellery & Adelines Jig|8
Continuing the Tradition|?|New Venture Polka|8
Continuing the Tradition|?|New Venture Polka,  The|8
Continuing the Tradition|?|Terry Lynns Jig|8
Continuing the Tradition|?|High Hobberlaw|9
Continuing the Tradition|?|Huntsmans Measure,  The|9
Continuing the Tradition|?|Bless the Bairns|10
Continuing the Tradition|?|Drystone Walls|10
Continuing the Tradition|?|Bonny Bronwen|11
Continuing the Tradition|?|Curlews Return,  The|11
Continuing the Tradition|?|Armchair Paddler,  The|12
Continuing the Tradition|?|Chiswick Fishing Fleet,  The|12
Continuing the Tradition|?|Mr & Mrs Alistair Archbold|13
Continuing the Tradition|?|Piper on the Hill by the Fire,  The|13
Continuing the Tradition|?|Gray,  Selside etc. Agricultural Show|14
Continuing the Tradition|?|Miss Bambers Benefit|14
Continuing the Tradition|?|Fred Picknells March|15
Continuing the Tradition|?|Makendon|15
Continuing the Tradition|?|Regular Climber,  The|15
Continuing the Tradition|?|Freedom Pass,  The|16
Continuing the Tradition|?|Gypsies Reel,  The|16
Continuing the Tradition|?|Ballards Blizzard|17
Continuing the Tradition|?|Giselas Rant|17
Continuing the Tradition|?|Footprints on the Sands of Time|18
Continuing the Tradition|?|Grande Ronde autour de Mont Blanc,  La|18
Continuing the Tradition|?|Piping Parson,  The|19
Continuing the Tradition|?|Tipsy Reindeer,  The|19
Continuing the Tradition|?|Tumbling Hoglets|19
Continuing the Tradition|?|Hen Hole,  The|20
Continuing the Tradition|?|Snow on the Ben|20
Continuing the Tradition|?|Crack at the Barbers in Rothbury,  The|21
Continuing the Tradition|?|Nans Last Trip|21
Continuing the Tradition|?|Blagdonburn|22
Continuing the Tradition|?|Tarset|22
Continuing the Tradition|?|Cowgate Quiz,  The|23
Continuing the Tradition|?|Gentleman,  The|23
Continuing the Tradition|?|Walking the Wall|23
Continuing the Tradition|?|Louises Giggle|24
Continuing the Tradition|?|Steve Barwicks Canary|24
Continuing the Tradition|?|Gentleman Jim|25
Continuing the Tradition|?|Yorkshire Moores,  The|25
Continuing the Tradition|?|Double Drum,  The|26
Continuing the Tradition|?|Pipe Jig|26
Continuing the Tradition|?|Ken Tait|27
Continuing the Tradition|?|Patrick Jamess Jig|27
Continuing the Tradition|?|Ridge Lea ,  The|27
Continuing the Tradition|?|Forster Charlton & His Cat|28
Continuing the Tradition|?|Waikato Valley,  The|28
Continuing the Tradition|?|May Blossom Polka,  The|29
Continuing the Tradition|?|Waltz for Robert and Agnes|29
Continuing the Tradition|?|Fourstones Square,  The|30
Continuing the Tradition|?|Hazel Foxs|30
Continuing the Tradition|?|Salisbury Presidents Day|30
Continuing the Tradition|?|Budle Bay|31
Continuing the Tradition|?|Cooperation Jig,  The|32
Continuing the Tradition|?|Jackdaw,  The|32
Continuing the Tradition|?|Territorial Blackbirds,  The|32
Continuing the Tradition|?|Auld Ashy Pad,  The|33
Continuing the Tradition|?|Micheil Óg|33
Continuing the Tradition|?|Keelman Brown of Newburn|34
Continuing the Tradition|?|Low Lights of Shields,  The|34
Continuing the Tradition|?|Chris Ormstons Fancy|35
Continuing the Tradition|?|Goodwife of Morpeth,  The|35
Continuing the Tradition|?|Belford Hoist,  The|36
Continuing the Tradition|?|Blakemere House|36
Continuing the Tradition|?|Wineskin|36
Continuing the Tradition|?|Poppy Fields Polka|37
Continuing the Tradition|?|Scurrying Piper,  The|37
Continuing the Tradition|?|Christmas Ceilidh,  The|38
Continuing the Tradition|?|Gillians Jig|38
Continuing the Tradition|?|John Liestmans 6 inch No. 2|39
Continuing the Tradition|?|Megan Lawther|39
Continuing the Tradition|?|Czech Afternoon in Armagh|40
Continuing the Tradition|?|Cloggies Jig|41
Continuing the Tradition|?|Hatcliffe Hornpipe,  The|41
Continuing the Tradition|?|Chapel Lane|42
Continuing the Tradition|?|Wannie JIg ,  The|42
Continuing the Tradition|?|Welcome to Blankenheim|42
Continuing the Tradition|?|Tarantel and Snakes|43
Continuing the Tradition|?|Illuminations Hornpipe,  The|44
Continuing the Tradition|?|Hartburn Glebe|45
Continuing the Tradition|?|Richard Butlers Hornpipe|45
Continuing the Tradition|?|Boars Head,  The|46
Continuing the Tradition|?|Greta Mill|46
Continuing the Tradition|?|Waikato Hornpipe,  The|47
Continuing the Tradition|?|Wreighburn,  The|47
Continuing the Tradition|?|Cherryburn|48
Continuing the Tradition|?|Lasses of Alnwick|48
Continuing the Tradition|?|Bailiffgate Rant,  The|49
Continuing the Tradition|?|Jane Northumberlands Fancy|49
Continuing the Tradition|?|Isobels Waltz|50
Continuing the Tradition|?|Master Ben Ords Strathspey|50
Continuing the Tradition|?|Einar Hansanders|51
Continuing the Tradition|?|Late September|51
Continuing the Tradition|?|Linger on Kinder|52
Continuing the Tradition|?|Babbling Annas Reel|53
Continuing the Tradition|?|Westgate Lodge|53
Continuing the Tradition|?|October Girl|54
Continuing the Tradition|?|Wolffish|54
Continuing the Tradition|?|Champion Fiddler,  The|55
Continuing the Tradition|?|Geordies Big Fiveoh|55
Continuing the Tradition|?|Andys Slip Jig|56
Continuing the Tradition|?|Our Kate|56
Continuing the Tradition|?|60th Birthday,  The|57
Continuing the Tradition|?|Ladywell House|57
Continuing the Tradition|?|Claire Hudspiths Jig|58
Continuing the Tradition|?|Farewell to Joe|58
Continuing the Tradition|?|Jumping Puddles|58
Continuing the Tradition|?|Summerhill Hornpipe,  The|59
Continuing the Tradition|?|Charltons Lament|60
Continuing the Tradition|?|Great North Run 86,  The|60
Duet|1|Ian Dickson|2
Duet|1|Parnell's March|3
Duet|1|Glen Aln Hornpipe|4
Duet|1|Keelman over the Land|5
Duet|1|Old Lancashire Hornpipe|6
Duet|1|Bonny Woodside|7
Duet|1|Breamish (The)|8
Duet|1|Go to Berwick Johnny|8
Duet|1|Gypsies' Lullaby|9
Duet|1|Sir Sidney Smith's March|10
Duet|1|Mrs Jamieson's Favourite|11
Duet|1|Cradle Song|12
Duet|1|Rowan Tree|12
Duet|1|Herd on the Hill|13
Duet|1|Mrs Mona Cameron|14
Duet|1|Wilson's Fish|14
Duet|1|Wedding Shoes|15
Duet|1|Heroes of Glencoe|16
Duet|1|Miss Thompson's Hornpipe|16
Duet|1|Heidenröslein|17
Duet|1|Rose among the Heather|17
Duet|1|Champion Hornpipe|18
Duet|1|Starry Night in Shetland|18
Duet|1|Wyndburgh Jig|19
Duet|1|Play Piper Play|20
Duet|1|Zadudej Dudácku Zadudej|20
Duet|1|Bonny at Morn|21
Duet|1|Polka|22
Duet|1|Coquetdale Waltz|23
Duet|1|Mill Mill O (The)|24
Duet|1|Swindon|24
Duet|1|Blowzabella|25
Duet|1|South Shields Lasses|26
Duet|1|Piper in the Well|27
Duet|1|Old Drove Road|28
Duet|1|Piper's Wedding (The)|28
Duet|1|Czech Bagpipe Trio|29
Duet|1|Little Farm Well Tilled (A)|30
Duet|1|Londonderry Air|30
Duet|1|City of Savannah|31
Duet|1|Sweet Hesleyside|32
Duet|1|Golden Wedding|33
Duet|1|Sting in the Tail|34
Duet|1|Trip to Solingen (The)|35
Folio 2005|?|Last of the Twins|1
Folio 2005|?|Little Burnt Potato Burnt Tattie (The)|1
Folio 2005|?|Bielbie's Hornpipe|2
Folio 2005|?|Wade Hampton's Hornpipe|2
Folio 2005|?|Hepple Haugh King's Hall|3
Folio 2005|?|Keening in the Wind Back to the Hills|3
Folio 2005|?|King's Hall Hepple Haugh|3
Folio 2005|?|Sandgate|4
Folio 2005|?|St Cuthbert's Day|4
Folio 2005|?|Anniversary Jig|5
Folio 2005|?|Mrs Jean Taylor|5
Folio 2005|?|Tom Hackett's Dream|5
Folio 2005|?|Cheviot Rant|6
Folio 2005|?|Jock Wilson of Fenton|6
Folio 2005|?|Harvest Home|7
Folio 2005|?|Miss Jenny Clough|7
Folio 2005|?|Rose Tree (The)|7
Folio 2005|?|Duke of Fife's Welcome to Deeside|8
Folio 2005|?|Herr Roloff's Farewell|8
Folio 2005|?|Miss Forbe's Farewell to Banff|8
Folio 2005|?|President Garfield's Hornpipe|9
Folio 2005|?|Washington Hornpipe|9
Folio 2005|?|Gordon's Favourite|10
Folio 2005|?|If you will not have me you may let me go|10
Folio 2005|?|Lasses Pass the Brandy|10
Folio 2005|?|John the Red Nose|11
Folio 2005|?|Morpeth Lasses|11
Folio 2005|?|XYZ|11
Folio 2005|?|Charlie's Garden|12
Folio 2005|?|Colburn Lane|12
Folio 2005|?|Hindley Steel|13
Folio 2005|?|Tom Dagg's Tune|13
Folio 2005|?|Gentle Maiden|14
Folio 2005|?|Rose Wood|14
Folio 2005|?|Roslyn Castle|14
Folio 2005|?|Bracken Rigg|15
Folio 2005|?|Off to California|15
Folio 2005|?|Steamboat (The)|15
Folio 2005|?|In Dispraise o' Dunbar|16
Folio 2005|?|Jimmy Allen|16
Folio 2005|?|Bagpiper's Carol (The)|17
Folio 2005|?|Oyster Wife's Rant|17
Folio 2005|?|Lovat Scouts|18
Folio 2005|?|Celebrated Trumpet Tune (The)|19
Folio 2005|?|Wild Rose of the Mountain|20
Folio 2007|?|Blind Mary|1
Folio 2007|?|Cairdin' O't (The)|1
Folio 2007|?|Chester Castle|1
Folio 2007|?|Babes in the Wood|2
Folio 2007|?|Carolan's Conceerto|2
Folio 2007|?|Coilsfield House|3
Folio 2007|?|Colgrave Sound|3
Folio 2007|?|Orange and Blue|3
Folio 2007|?|Caller Herrin|4
Folio 2007|?|Cronin's Hornpipe|4
Folio 2007|?|Delight of the men of Caernarvon|5
Folio 2007|?|Donald Blue|5
Folio 2007|?|Down the burn Davie Lad|5
Folio 2007|?|Flett from Flotta|6
Folio 2007|?|Garster's Dream|6
Folio 2007|?|O'er the Hills and Far Away|6
Folio 2007|?|Dunphy's Hornpipe|7
Folio 2007|?|Father Kelly's Jig|7
Folio 2007|?|Chester|8
Folio 2007|?|Farewell to Whisky|8
Folio 2007|?|Gairsay|8
Folio 2007|?|Castell Caernrfon|9
Folio 2007|?|Left Handed Fiddler|9
Folio 2007|?|Little Stack of Barley (The)|9
Folio 2007|?|King o' The Pipers|10
Folio 2007|?|Lemonville Jig|10
Folio 2007|?|Llwyn on|11
Folio 2007|?|Logie of Buchan|11
Folio 2007|?|Malldraeth The Soft Sea-Shore|11
Folio 2007|?|Flowers of Edinburgh (The)|12
Folio 2007|?|General Monck's March|12
Folio 2007|?|Mad Moll of the Cheshire Hunt|12
Folio 2007|?|Mrs John Elder's Welcome|13
Folio 2007|?|Piper's Weird|13
Folio 2007|?|Mount Your Baggage|14
Folio 2007|?|Ned of the Hill Eamonn an Chnoic|14
Folio 2007|?|Wild Goose Chase (The)|14
Folio 2007|?|Skye Crofters|15
Folio 2007|?|Song of Home (The)|15
Folio 2007|?|Gilsland Hornpipe with Variations|16
Folio 2007|?|St Lawrence Jig|16
Folio 2007|?|Whiddon's Hornpipe|17
Folio 2007|?|Scots Hornpipe (A)|18
Folio 2007|?|Speed the Plough|18
Folio 2007|?|Suo-Gan|18
Folio 2007|?|Ae Fond Kiss|19
Folio 2007|?|Mary Scott the Flower of Yarrow|19
Folio 2007|?|Hector the Hero|20
Folio 2007|?|Shepherd's Hornpipe (The)|20
Folio 2007|?|Tom Mullen's Welsh Tune|20
Folio 2007|?|Carolan's Draught|21
Folio 2009|?|Headlands (The)|1
Folio 2009|?|Inisheer|1
Folio 2009|?|Hollybank Hornpipe (The)|2
Folio 2009|?|Piper in the Meadow Straying|2
Folio 2009|?|Slockit Light (Da)|3
Folio 2009|?|Tushkar (Da)|3
Folio 2009|?|Favourite (The)|4
Folio 2009|?|Kirk's Hornpipe|4
Folio 2009|?|Teribus Ye Terioden|5
Folio 2009|?|William Turner's Jig|5
Folio 2009|?|Far frae Home|6
Folio 2009|?|Man from Newry (The)|6
Folio 2009|?|Castle (The)|7
Folio 2009|?|Walsh's Hornpipe|7
Folio 2009|?|Glencoe march (The)|8
Folio 2009|?|Sandie over the Sea|8
Folio 2009|?|Aly's Waltz|9
Folio 2009|?|John Roy Lyall|9
Folio 2009|?|Breakdown|10
Folio 2009|?|Eagle's Whistle|10
Folio 2009|?|Miss McLeod of Raasay|10
Folio 2009|?|Äppelbolåten|11
Folio 2009|?|Cliffs of Old Tynemouth|11
Folio 2009|?|Gånglåt från Äpplebo|11
Folio 2009|?|Meeting of the Waters (The)|11
Folio 2009|?|Si Bheag Si Mhor|11
Folio 2009|?|Cambo March|12
Folio 2009|?|Iron Man (The)|13
Folio 2009|?|Sweerie Box (Da)|13
Folio 2009|?|Gypsy's Hornpipe|14
Folio 2009|?|King of the Fairies|14
Folio 2009|?|Earl of Crawford|15
Folio 2009|?|Kielder Burnie|15
Folio 2009|?|Have you seen owt of my Bonny Lad|16
Folio 2009|?|Storrer's Hornpipe|16
Folio 2009|?|Tom's march|16
Folio 2009|?|Bride's Favourite|17
Folio 2009|?|Independent Hornpipe (The)|17
Folio 2009|?|Fairies Hornpipe|18
Folio 2009|?|Kirkgate (The)|18
Folio 2009|?|Dark Island (The)|19
Folio 2009|?|Major Mackie's Jig (in D)|19
Folio 2009|?|Major Mackie's Jig (in G)|19
Folio 2011|?|Banish Misfortune|1
Folio 2011|?|Moon and Seven Stars (The)|1
Folio 2011|?|Music o' Spey (The)|1
Folio 2011|?|Anton's Muñeira|2
Folio 2011|?|Lady's Plaything (The)|2
Folio 2011|?|Hunter Hill|3
Folio 2011|?|Uncle Jarm|3
Folio 2011|?|Nora Criona|4
Folio 2011|?|Old Rosin the Beau|4
Folio 2011|?|Calum's Road|5
Folio 2011|?|Memories of Fthr Angus McDonnell|5
Folio 2011|?|She Griped at ye Greatest On't|6
Folio 2011|?|leaving Lerwick Harbour|7
Folio 2011|?|Pant Corlan Yr Wyn|7
Folio 2011|?|Waters of Kylescu (The)|7
Folio 2011|?|Branwen Pant y Pistill|8
Folio 2011|?|Cave Hill|8
Folio 2011|?|Dorset Four Hand Reel|8
Folio 2011|?|Shan Buie|9
Folio 2011|?|St. Patrick's Day|9
Folio 2011|?|Sir Sidney Smith's March|10
Folio 2011|?|Michael Turner's Waltz|11
Folio 2011|?|Willow Tree (The)|11
Folio 2011|?|Carriteth|12
Folio 2011|?|Lullaby|12
Folio 2011|?|Reflections|12
Folio 2011|?|Girl with the Blue Dress On|13
Folio 2011|?|Melody|13
Folio 2011|?|Old Tom's Rant|13
Folio 2011|?|Captain Lanoe's Quick March|14
Folio 2011|?|Clow Bank|14
Folio 2011|?|Worcestershire Hornpipe|14
Folio 2011|?|Galopede|15
Folio 2011|?|John of Paris|15
Folio 2011|?|Maggie in the Woods|16
Folio 2011|?|Open the Door to Three|16
Folio 2011|?|Rakes of Mallow|16
Folio 2011|?|Mazurka de Servant|17
Folio 2011|?|Morpeth Pipe Band's Salute to the Chantry|17
Folio 2011|?|James Plunkett (Young William Plunkett)|18
Folio 2011|?|Linnen Hall|18
Folio 2011|?|Mheilla|18
Folio 2011|?|Goodnight and Joy be With You|19
Folio 2011|?|St Patrcick's An Dro|19
Folio 2011|?|Young Catherine|19
Folio 2011|?|Johnny Cock up your Beaver|20
Folio 2011|?|Peaches and Cream|21
Folio 2011|?|Miss Rowan Davies|22
Folio 2011|?|Portsmouth|22
Folio 2011|?|Yellow Walls Hornpipe (The)|22
Folio 2011|?|Favourite Hornpipe (A)|23
Folio 2011|?|Jocky to the Fair|23
Green Book|?|Newcastle Lasses|1
Green Book|?|Wedding of Blyth,  The|1
Green Book|?|Willow Tree Hornpipe|1
Green Book|?|Jack Frost|2
Green Book|?|Shiver My Ragges|2
Green Book|?|Volker Heidemann Of Koln|3
Green Book|?|Cuddle The Butler|4
Green Book|?|Road To Wooler,  The|4
Green Book|?|Sunny Banks Of Wooler|4
Green Book|?|Berwick Billy|5
Green Book|?|Peacock's Hornpipe|5
Green Book|?|Around The World For Sport|6
Green Book|?|Fjallnass Polska|6
Green Book|?|Rob Shear'd In Her'st|6
Green Book|?|Catherine O'Dea|7
Green Book|?|Dr Robb Of Ellingham|7
Green Book|?|Scrambling Jamie|7
Green Book|?|Blue Jacket Hornpipe|8
Green Book|?|Stephenson's Fancy Hornpipe|8
Green Book|?|Independent Lady's Hornpipe,  The|9
Green Book|?|Lasses Likes Punch|9
Green Book|?|Bardon Mill|10
Green Book|?|Hexham Chase|10
Green Book|?|Collywell Bay|11
Green Book|?|Dinnington Rant,  The|11
Green Book|?|New York Hornpipe|12
Green Book|?|Swalwell Hoppings|12
Green Book|?|Bedlington Hoppings|13
Green Book|?|Fatfield Hopping|13
Green Book|?|Washington Hornpipe,  The|13
Green Book|?|Planxty Irwin|14
Green Book|?|Tobin's Favourite|14
Green Book|?|Tripping Upstairs|14
Green Book|?|Fisherman's Lilt|15
Green Book|?|Humours Of Bandon|15
Green Book|?|Hindley Steel|16
Green Book|?|Woodbum Lasses|16
Green Book|?|Redesdale Rant,  The|17
Green Book|?|Tie The Kye In|17
Green Book|?|Gold Dust Hornpipe|18
Green Book|?|Policeman,  The|18
Green Book|?|Ryhopc Colliery Hornpipe|18
Green Book|?|Sunderland Barracks|18
Green Book|?|Ranting Lads Of Sunderland,  The|19
Green Book|?|Sunderland Hornpipe,  The|19
Green Book|?|Durham Rangers|20
Green Book|?|Newcastle Volunteers' March|20
Green Book|?|Navvie On The Line,  The|21
Green Book|?|Spence's Tent|21
Green Book|?|Bywell Bridge|22
Green Book|?|Riding Mill Jig|22
Green Book|?|Stage Hornpipe,  The|22
Green Book|?|Borthwick Riddell's Hornpipe|23
Green Book|?|First Steam Trip To Bellingham|23
Green Book|?|Hexham West Boat|23
Green Book|?|East Neuk Of Fife,  The|24
Green Book|?|Bonny Banchory|25
Green Book|?|Mrs Wilson's Fancy Hornpipe|26
Green Book|?|Stack Of Wheat,  The|26
Green Book|?|Green Cockade,  The|27
Green Book|?|Greencastle Hornpipe,  The|27
Green Book|?|Foster's Fancy|28
Green Book|?|Miss Platoff|28
Green Book|?|Calliope House|29
Green Book|?|Young Scottie|29
Green Book|?|Brown Rigg|30
Green Book|?|Linshield Brig|30
Green Book|?|Star,  The|30
Green Book|?|Appleby Fair|31
Green Book|?|Redford Cottage|31
Green Book|?|Anty's Fancy|32
Green Book|?|Bob Thompson's Reel|32
Green Book|?|Catterthun|32
Green Book|?|Chipchase Castle|32
Green Book|?|Chipchase Reel,  The|32
Green Book|?|Black Prince|33
Green Book|?|Niel Gow's Lament For The Death Of His Second Wife|33
Green Book|?|Acrobat's Hornpipe|34
Green Book|?|Barley Mow|34
Green Book|?|Thistle,  The|34
Green Book|?|Lindisfarne|35
Green Book|?|Black Tankard,  The|36
Green Book|?|Bonny Pit Laddie,  The|36
Green Book|?|Muckin' O' Geordie's Byre,  The|36
Green Book|?|English Bring To Gratney Green The Lasses That Hae Siller,  The|37
Green Book|?|Captain Nonnan Orr-Ewing|38
Green Book|?|Loch Ruan|38
Green Book|?|Old Towler|39
Green Book|?|Stay A Wee Bit,  Bonnie Lad|39
Green Book|?|Mile To Ride,  A|40
Green Book|?|Moving Cloud,  The|41
Green Book|?|Jig,  A|42
Green Book|?|Otterburn Tower|42
Green Book|?|Stagshaw Bank Fair|42
Green Book|?|Mock The Soldier's Lady|43
Green Book|?|Sweet As Sugar Candy|44
Green Book|?|Coquetdale Rant,  A|45
Green Book|?|New Way to Rothbury,  The|45
Green Book|?|Rothbury Races|45
Minstrelsy|?|Chevy Chase|1
Minstrelsy|?|Coquetside|1
Minstrelsy|?|Wylam Away|1
Minstrelsy|?|Cockle Geordie|2
Minstrelsy|?|Felton Lonnin'|2
Minstrelsy|?|I Saw my Love come Passing by Me|2
Minstrelsy|?|Broken-Legged Chicken (The)|3
Minstrelsy|?|Jockey lay up in the Hay Loft|3
Minstrelsy|?|Stay a Wee Bit Bonny Lad|3
Minstrelsy|?|Bonny Pit Laddie|4
Minstrelsy|?|Dorrington Lads|4
Minstrelsy|?|Peacock Followed the Hen|4
Minstrelsy|?|Because he was a Bonny Lad|5
Minstrelsy|?|Blackett O' Wylam|5
Minstrelsy|?|Meggy's Foot|5
Minstrelsy|?|Fair Maid of Wickham (The)|6
Minstrelsy|?|My Bonnie Bay Mare and I|6
Minstrelsy|?|My Dearie sits up ower Late|6
Minstrelsy|?|Newburn Lads|6
Minstrelsy|?|Cut and Dry Dolly|7
Minstrelsy|?|I'll have her in spite of her Minnie|7
Minstrelsy|?|Sir John Fenwick's Flower Among|7
Minstrelsy|?|Cuddie Clauder|8
Minstrelsy|?|Lads of Alnwick (The)|8
Minstrelsy|?|All Hands Upon Deck|9
Minstrelsy|?|All the Night I lay awake|9
Minstrelsy|?|Go to Berwick Johnnie|9
Minstrelsy|?|Keelman Ower Land (The)|10
Minstrelsy|?|Noble Squire Dacre|10
Minstrelsy|?|Jockey Stays Long at the Fair|11
Minstrelsy|?|Parks o' Yester|11
Minstrelsy|?|Blue's gone out of Fashion|12
Minstrelsy|?|Small Coals an' Little Money|12
Minstrelsy|?|Stagshaw Bank Fair|12
Minstrelsy|?|Wedding o' Blyth (The)|12
Minstrelsy|?|Black Cock o' Whickham|13
Minstrelsy|?|Holey Halfpenny (The)|13
Minstrelsy|?|Miller's Wife o' Blaydon (The)|13
Minstrelsy|?|Coffee and Tea Jamie Allen's Fancy|14
Minstrelsy|?|Drunken Moll Knox|14
Minstrelsy|?|Jamie Allen's Fancy Coffee and Tea|14
Minstrelsy|?|Lass and the Money is all My Own|14
Minstrelsy|?|Cannie Hobbie Elliot|15
Minstrelsy|?|Pipers' Maggot or Fancy|15
Minstrelsy|?|Shew's the way to Wallington|15
Minstrelsy|?|Green Brechans o' Branton (The)|16
Minstrelsy|?|Peacock's Fancy|16
Minstrelsy|?|We'll all away to Sunnyside|16
Minstrelsy|?|Jacky Layton|17
Minstrelsy|?|Peacock's March|17
Minstrelsy|?|Lamshaw's Fancy|18
Minstrelsy|?|Morpeth Lasses|18
Minstrelsy|?|Peacock's Tune|18
Minstrelsy|?|Andrew Carr|19
Minstrelsy|?|Follow Her over the Border|19
Minstrelsy|?|Major (The)|19
Minstrelsy|?|Cooper o' Stannerton Heugh (The)|20
Minstrelsy|?|Leazes Hopping|20
Minstrelsy|?|Sunderland Lasses|20
Minstrelsy|?|Bobby Shaftoe|21
Minstrelsy|?|Lang Stay's Away|21
Minstrelsy|?|Mile to Ride (A)|21
Minstrelsy|?|Blaw the Wind Southerly|22
Minstrelsy|?|Cuckold come out o' the Amrey|22
Minstrelsy|?|Fenwick o' Bywell|22
Minstrelsy|?|Hoop Her and Gird Her|23
Minstrelsy|?|Ower the Border|23
Minstrelsy|?|Little Wot Ye Wha's Coming|24
Minstrelsy|?|Till the Tide Comes In|24
Minstrelsy|?|Black and the Grey (The)|25
Minstrelsy|?|Little Fishie|25
Minstrelsy|?|Mitford Galloway|26
Minstrelsy|?|Rantin Roarin' Willie|26
Minstrelsy|?|Sandhill Corner|26
Minstrelsy|?|Blanchland Races|27
Minstrelsy|?|Fairly Shot of Her|27
Minstrelsy|?|Hen's March (The)|28
Minstrelsy|?|Keel Row|28
Minstrelsy|?|Christmas Day in the Morning|29
Minstrelsy|?|New Highland Laddie|29
Minstrelsy|?|Buy Brooms Buzzems|30
Minstrelsy|?|Durham Old Women|30
NPS Book 1|?|Chevey Chase|1
NPS Book 1|?|Lea Rigg|1
NPS Book 1|?|Mallorca|1
NPS Book 1|?|Athole Highlanders|2
NPS Book 1|?|Marquis of Lorne|2
NPS Book 1|?|Drunken Drummer|3
NPS Book 1|?|General Toast (The)|3
NPS Book 1|?|Paddy Whack|3
NPS Book 1|?|Jenny Bell (Polka)|4
NPS Book 1|?|Peacock's March|4
NPS Book 1|?|Durham Rangers|5
NPS Book 1|?|Peacock's Fancy|5
NPS Book 1|?|Happy Farmer|6
NPS Book 1|?|I saw my Love come passing by Me|6
NPS Book 1|?|Herd on the Hill|8
NPS Book 1|?|Jimmy Allen|8
NPS Book 1|?|Mason's Apron|8
NPS Book 1|?|I'll gang nae mair to yon Toon|9
NPS Book 1|?|Morning Brush|9
NPS Book 1|?|Because he was a Bonny Lad|10
NPS Book 1|?|Holey Ha'penny|10
NPS Book 1|?|Canny Newcastle|11
NPS Book 1|?|Noble Squire Dacre|11
NPS Book 1|?|Fenwick o' Bywell|12
NPS Book 1|?|Sir John Fenwick's the Flower|13
NPS Book 1|?|Crooked Bawbee|14
NPS Book 1|?|Lamb Skinnet|14
NPS Book 1|?|Proudlock's Hornpipe|15
NPS Book 1|?|Bill Charlton's Fancy|16
NPS Book 1|?|Hexham Races|17
NPS Book 1|?|Saddle the Pony|17
NPS Book 1|?|Lass of Falstone|18
NPS Book 1|?|Random|18
NPS Book 1|?|Bonny Tyneside|19
NPS Book 1|?|My Dearie sits ower late up|19
NPS Book 1|?|Sir Sidney Smith's March|20
NPS Book 1|?|Elspie Marley|21
NPS Book 1|?|Oh I hae seen the Roses Blaw|21
NPS Book 1|?|Small Coals and Little Money|21
NPS Book 1|?|Oh Dear! What can the Matter Be|22
NPS Book 1|?|Blow the Wind Southerly|23
NPS Book 1|?|Hesleyside Reel|24
NPS Book 1|?|Lads of Alnwick|24
NPS Book 1|?|Cliff Hornpipe (The)|25
NPS Book 1|?|Cuckold come out of the Amrey|25
NPS Book 1|?|Elk's Festival|25
NPS Book 1|?|Buttered Peas|26
NPS Book 1|?|Fay's Hornpipe|26
NPS Book 1|?|Holme's Fancy|26
NPS Book 1|?|Blanchland Races|27
NPS Book 1|?|Money Musk|27
NPS Book 1|?|Jacky Layton (with var)|28
NPS Book 1|?|Nancy|30
NPS Book 1|?|Biddy the Bowl Wife|31
NPS Book 1|?|Fare Well|31
NPS Book 1|?|Stockton Hornpipe|31
NPS Book 1|?|Fair maid of Wickham|32
NPS Book 1|?|Sir Charles' Rant|32
NPS Book 1|?|Smash the Windows|32
NPS Book 1|?|Meggy's Foot|33
NPS Book 1|?|Oh say Bonny Lass|33
NPS Book 1|?|Felton Lonnen with variations|34
NPS Book 1|?|Lamshaw's Fancy|35
NPS Book 1|?|Minstrel's Fancy (The)|36
NPS Book 1|?|Rothbury Hills|36
NPS Book 1|?|Cott (The)|37
NPS Book 1|?|Roxburgh Castle|37
NPS Book 1|?|Ward's Brae|37
NPS Book 1|?|High Level Bridge Hornpipe|38
NPS Book 1|?|New High Level (The)|38
NPS Book 1|?|Barrington Hornpipe|39
NPS Book 1|?|Bonny Cragside|39
NPS Book 1|?|Pet o' the Pipers|39
NPS Book 1|?|Nae Good Luck Aboot the House|40
NPS Book 1|?|Johnny Armstrong|41
NPS Book 1|?|Buy Brooms Buzzems|42
NPS Book 1|?|Gunnerton Fell Cuddy|42
NPS Book 1|?|Lads of North Tyne|42
NPS Book 1|?|Friendly Visit|43
NPS Book 1|?|Jane's Fancy|43
NPS Book 1|?|Whinham's Reel|43
NPS Book 1|?|Queen Hornpipe|44
NPS Book 1|?|Blackthorn Stick|45
NPS Book 1|?|Redesdale Hornpipe|45
NPS Book 1|?|Sweet Hesleyside|45
NPS Book 1|?|Archie's Fancy|46
NPS Book 1|?|Samon Tails up the Water|46
NPS Book 1|?|Madam Bonaparte|47
NPS Book 1|?|Belligham Fair|48
NPS Book 1|?|Schottische|48
NPS Book 1|?|Bonny Blue Hen|49
NPS Book 1|?|Chipchase Reel (The)|49
NPS Book 1|?|Coquetside|49
NPS Book 1|?|Go to Berwick Johnny|50
NPS Book 1|?|Jocky and Jenny|50
NPS Book 1|?|Summer is Icumin In|50
NPS Book 1|?|Davy Davy Knick-knack|51
NPS Book 1|?|Morpeth Rant|51
NPS Book 1|3|Chevey Chase|1
NPS Book 1|3|Lea Rigg|1
NPS Book 1|3|Mallorca|1
NPS Book 1|3|Athole Highlanders|2
NPS Book 1|3|Marquis of Lorne|2
NPS Book 1|3|Drunken Drummer|3
NPS Book 1|3|General Toast (The)|3
NPS Book 1|3|Paddy Whack|3
NPS Book 1|3|Jenny Bell (Polka)|4
NPS Book 1|3|Peacock's March|4
NPS Book 1|3|Durham Rangers|5
NPS Book 1|3|Peacock's Fancy|5
NPS Book 1|3|Water of Tyne|6
NPS Book 1|3|Happy Farmer|6
NPS Book 1|3|I saw my Love come passing by Me|6
NPS Book 1|3|Herd on the Hill|8
NPS Book 1|3|Jimmy Allen|8
NPS Book 1|3|Mason's Apron|8
NPS Book 1|3|I'll gang nae mair to yon Toon|9
NPS Book 1|3|Morning Brush|9
NPS Book 1|3|Because he was a Bonny Lad|10
NPS Book 1|3|Holey Ha'penny|10
NPS Book 1|3|Canny Newcastle|11
NPS Book 1|3|Noble Squire Dacre|11
NPS Book 1|3|Fenwick o' Bywell|12
NPS Book 1|3|Sir John Fenwick's the Flower|13
NPS Book 1|3|Crooked Bawbee|14
NPS Book 1|3|Lamb Skinnet|14
NPS Book 1|3|Whittle Dean Hornpipe|15
NPS Book 1|3|Proudlock's Hornpipe|15
NPS Book 1|3|Bill Charlton's Fancy|16
NPS Book 1|3|Hexham Races|17
NPS Book 1|3|Saddle the Pony|17
NPS Book 1|3|Lass of Falstone|18
NPS Book 1|3|Random|18
NPS Book 1|3|Bonny Tyneside|19
NPS Book 1|3|My Dearie sits ower late up|19
NPS Book 1|3|Yarmouth Lasses|19
NPS Book 1|3|Sir Sidney Smith's March|20
NPS Book 1|3|Whittingham Green Lane|20
NPS Book 1|3|Elspie Marley|21
NPS Book 1|3|Oh I hae seen the Roses Blaw|21
NPS Book 1|3|Small Coals and Little Money|21
NPS Book 1|3|Oh Dear! What can the Matter Be|22
NPS Book 1|3|Blow the Wind Southerly|23
NPS Book 1|3|Hesleyside Reel|24
NPS Book 1|3|Lads of Alnwick|24
NPS Book 1|3|Cliff Hornpipe (The)|25
NPS Book 1|3|Cuckold come out of the Amrey|25
NPS Book 1|3|Elk's Festival|25
NPS Book 1|3|Buttered Peas|26
NPS Book 1|3|Fay's Hornpipe|26
NPS Book 1|3|Holme's Fancy|26
NPS Book 1|3|Blanchland Races|27
NPS Book 1|3|Money Musk|27
NPS Book 1|3|Jacky Layton (with var)|28
NPS Book 1|3|Nancy|30
NPS Book 1|3|Biddy the Bowl Wife|31
NPS Book 1|3|Fare Well|31
NPS Book 1|3|Stockton Hornpipe|31
NPS Book 1|3|Fair maid of Wickham|32
NPS Book 1|3|Sir Charles' Rant|32
NPS Book 1|3|Smash the Windows|32
NPS Book 1|3|Meggy's Foot|33
NPS Book 1|3|Oh say Bonny Lass|33
NPS Book 1|3|Felton Lonnen with variations|34
NPS Book 1|3|Lamshaw's Fancy|35
NPS Book 1|3|Minstrel's Fancy (The)|36
NPS Book 1|3|Rothbury Hills|36
NPS Book 1|3|Welcome to the town again|36
NPS Book 1|3|Cott (The)|37
NPS Book 1|3|Roxburgh Castle|37
NPS Book 1|3|Ward's Brae|37
NPS Book 1|3|Winster Gallop|38
NPS Book 1|3|High Level Bridge Hornpipe|38
NPS Book 1|3|New High Level (The)|38
NPS Book 1|3|Barrington Hornpipe|39
NPS Book 1|3|Bonny Cragside|39
NPS Book 1|3|Pet o' the Pipers|39
NPS Book 1|3|Nae Good Luck Aboot the House|40
NPS Book 1|3|Johnny Armstrong|41
NPS Book 1|3|Buy Brooms Buzzems|42
NPS Book 1|3|Gunnerton Fell Cuddy|42
NPS Book 1|3|Lads of North Tyne|42
NPS Book 1|3|Friendly Visit|43
NPS Book 1|3|Jane's Fancy|43
NPS Book 1|3|Whinham's Reel|43
NPS Book 1|3|Queen Hornpipe|44
NPS Book 1|3|Winshields Hornpipe|44
NPS Book 1|3|Blackthorn Stick|45
NPS Book 1|3|Redesdale Hornpipe|45
NPS Book 1|3|Sweet Hesleyside|45
NPS Book 1|3|Archie's Fancy|46
NPS Book 1|3|Salmon Tails up the Water|46
NPS Book 1|3|Madam Bonaparte|47
NPS Book 1|3|Belligham Fair|48
NPS Book 1|3|Schottische|48
NPS Book 1|3|Bonny Blue Hen|49
NPS Book 1|3|Chipchase Reel (The)|49
NPS Book 1|3|Coquetside|49
NPS Book 1|3|Go to Berwick Johnny|50
NPS Book 1|3|Jocky and Jenny|50
NPS Book 1|3|Summer is Icumin In|50
NPS Book 1|3|Davy Davy Knick-knack|51
NPS Book 1|3|Morpeth Rant|51
NPS Book 2|?|Elsey's Waltz|1
NPS Book 2|?|Mile to Ride (A)|1
NPS Book 2|?|Cameron Highlanders|2
NPS Book 2|?|Eriskay Love Lilt|2
NPS Book 2|?|Johnny Cope|3
NPS Book 2|?|Parnell's March|3
NPS Book 2|?|Carrick Hornpipe|4
NPS Book 2|?|Rory Dall's Port|5
NPS Book 2|?|South Shore|5
NPS Book 2|?|Bonny at Morn|6
NPS Book 2|?|Strand (The)|6
NPS Book 2|?|Death of Parcy Reed|7
NPS Book 2|?|Gatehead Stadium|7
NPS Book 2|?|Swallow's Tail Reel (The)|7
NPS Book 2|?|Dream Angus|8
NPS Book 2|?|Mitford Galloway|8
NPS Book 2|?|Lad reared among the Heather|9
NPS Book 2|?|Road to Jack's (The)|9
NPS Book 2|?|Whittingham Fair|9
NPS Book 2|?|Ranting Ross|10
NPS Book 2|?|Sherlock's Hornpipe|10
NPS Book 2|?|John Peel|11
NPS Book 2|?|Keep your feet still Geordie Hinny|12
NPS Book 2|?|Bonny North Tyne|13
NPS Book 2|?|Barbara Armstrong|14
NPS Book 2|?|My Love is but a Lassie yet|14
NPS Book 2|?|Corn Riggs|15
NPS Book 2|?|Ferndene Hornpipe|15
NPS Book 2|?|Biddlestone Hornpipe|16
NPS Book 2|?|Dingle Regatta|16
NPS Book 2|?|Ca' Hawkie|17
NPS Book 2|?|High Road to Linton|17
NPS Book 2|?|Manchester Hornpipe (The)|18
NPS Book 2|?|Rowantree Hill|18
NPS Book 2|?|Bonny Woodside|19
NPS Book 2|?|Gypsies' Lullaby|19
NPS Book 2|?|Laird of Drumblair|20
NPS Book 2|?|Memories (Reflections)|20
NPS Book 2|?|Hexamshire Lass (The)|21
NPS Book 2|?|I'll bid my Heart be still|21
NPS Book 2|?|Mr. Kennedy North|21
NPS Book 2|?|Drops and Brandy|22
NPS Book 2|?|Leaving Lismore (Fagail Lis Mor)|22
NPS Book 2|?|Riverside|23
NPS Book 2|?|Billy Pigg's Hornpipe|24
NPS Book 2|?|Sunderland Lasses|24
NPS Book 2|?|Bobby Shaftoe|25
NPS Book 2|?|Glen Aln Hornpipe|25
NPS Book 2|?|Captain's Hornpipe|26
NPS Book 2|?|Flower of the Quern|26
NPS Book 2|?|Ovingham Goose Fair|28
NPS Book 2|?|Burn Deviot (The)|27
NPS Book 2|?|White Cockade (The)|27
NPS Book 2|?|Old Drove Road|28
NPS Book 2|?|Dance ti thy Daddy|29
NPS Book 2|?|Derwentwater|29
NPS Book 2|?|Peacock followed the Hen (The)|29
NPS Book 2|?|De'il among the Tailors|30
NPS Book 2|?|Flowers of the Forest|30
NPS Book 2|?|Alston Flower Show|31
NPS Book 2|?|Come you not from Newcastle?|31
NPS Book 2|?|Wife at Usher's Well|31
NPS Book 2|?|Lady Cassilis's|32
NPS Book 2|?|Linhope Loup|32
NPS Book 2|?|Anne of Hindhope|33
NPS Book 2|?|Farewell to the Creeks|33
NPS Book 2|?|Meg Merrilees|34
NPS Book 2|?|South Wind|34
NPS Book 2|?|Hawk (The)|35
NPS Book 2|?|Nancy Till|35
NPS Book 2|?|Locomotive (The)|36
NPS Book 2|?|Rose Tree (The)|36
NPS Book 2|?|John MacFadyen of Melfort|37
NPS Book 2|?|Billy Boy|38
NPS Book 2|?|Captain Bover|38
NPS Book 2|?|Lament of the Bordr Widow|38
NPS Book 2|?|Dashing White Seargent|39
NPS Book 2|?|Jock o' Hazledene|39
NPS Book 2|?|Battle of the Somme|40
NPS Book 2|?|Breamish (The)|40
NPS Book 2|?|Adam Buckham|41
NPS Book 2|?|Dol Li A|41
NPS Book 2|?|Lord Lovat's Lament|41
NPS Book 2|?|J. R. Pigg|42
NPS Book 2|?|Hexham Quadrille|43
NPS Book 2|?|Lizzie Lindsay|43
NPS Book 2|?|Sir Patrick Spens|43
NPS Book 2|?|Rights of Man|44
NPS Book 2|?|Slievenemon|44
NPS Book 2|?|Boulavogue|45
NPS Book 2|?|Warksburn Waltz|45
NPS Book 2|?|Keelman over the Land|46
NPS Book 2|?|Kirkconnel Lea|46
NPS Book 2|?|Broomfield (The)|47
NPS Book 2|?|J. B. Milne|47
NPS Book 2|?|Kenmay House Aberdeen|48
NPS Book 2|?|Mrs E. N. Monair of Bruach|48
NPS Book 2|?|Kinclaven Brig|49
NPS Book 2|?|Footy agyen the Wall|50
NPS Book 2|?|Highland Cradle Song|50
NPS Book 2|?|Chapter of Donkeys|51
NPS Book 2|?|Coates Hall|51
NPS Book 2|?|Variations on a Children's Hymn|52
NPS Book 2|?|Jean Copeland|53
NPS Book 2|?|Jim Hall's Fancy|54
NPS Book 2|?|Colosseum Hornpipe (The)|56
NPS Book 2|?|Lark in the Clear Air (The)|56
NPS Book 2|?|Ca' the Ewes tae the Knowes|57
NPS Book 2|?|Cushie Butterfield|57
NPS Book 2|?|Sandgate Lass's Lamentation|57
NPS Book 2|?|Kelvin Grove|58
NPS Book 2|?|Til the Tide comes in|58
NPS Book 2|?|Hamilton House|59
NPS Book 2|?|My Home|59
NPS Book 2|?|Wet Hey Dark Mary|60
NPS Book 2|?|Will the Barber|60
NPS Book 2|?|Hurlock's Reel|61
NPS Book 2|?|Robertson's Reel|61
NPS Book 2|?|Dennis Murphy's Hornpipe|62
NPS Book 2|?|Wild Hills of Wannies (The)|62
NPS Book 2|?|Fair Flower of Northumberland (The)|63
NPS Book 2|?|Jack Gone a-Shearing|63
NPS Book 2|?|Lochaber|63
NPS Book 2|?|High Level Hornpipe (The)|64
NPS Book 2|?|Yellow Haird Laddy (The)|65
NPS Book 2|?|Hilary Macauley's Wedding|66
NPS Book 2|?|Up the Raw|66
NPS Book 2|?|New Tyne Bridge|67
NPS Book 2|?|Shew's the Way to Wallington|67
NPS Book 2|?|Follow Her over the Border|68
NPS Book 2|?|Heights of Alma|68
NPS Book 2|?|Molly at the Fair|68
NPS Book 2|?|Cumberland Reel|69
NPS Book 2|?|Dorrington Lads|69
NPS Book 2|?|Coffee Bridge|70
NPS Book 2|?|Dr. Whittaker's Hornpipe|70
NPS Book 2|?|Buy Brooms Buzzoms|71
NPS Book 2|?|Andrew Carr|72
NPS Book 2|?|Archie O' Cawfield|72
NPS Book 2|?|Peacock's Tune|72
NPS Book 2|?|Are You my Hinny Bird?|73
NPS Book 2|?|Closing Date (The)|73
NPS Book 2|?|When she came by she Bobbit|73
NPS Book 2|3|Elsey's Waltz|1
NPS Book 2|3|Mile to Ride (A)|1
NPS Book 2|3|Scholar, The|1
NPS Book 2|3|Cameron Highlanders|2
NPS Book 2|3|Johnny Cope|3
NPS Book 2|3|Parnell's March|3
NPS Book 2|3|Carrick Hornpipe|4
NPS Book 2|3|Bonny at Morn|5
NPS Book 2|3|Strand (The)|5
NPS Book 2|3|Eriskay Love Lilt|5
NPS Book 2|3|Gateshead Stadium|6
NPS Book 2|3|Swallow's Tail Reel, The|6
NPS Book 2|3|Death of Parcy Reed|6
NPS Book 2|3|Mitford Galloway|7
NPS Book 2|3|Road to Jack's, The|7
NPS Book 2|3|Ranting Ross|8
NPS Book 2|3|Lads that were reared among the Heather, The|8
NPS Book 2|3|Ca' Hawkie|8
NPS Book 2|3|Sherlock's Hornpipe|9
NPS Book 2|3|Rowantree Hill|9
NPS Book 2|3|Whittingham Fair|10
NPS Book 2|3|John Peel|10
NPS Book 2|3|Barbara Armstrong|11
NPS Book 2|3|Ferndene Hornpipe|11
NPS Book 2|3|Keep your feet still Geordie Hinny|12
NPS Book 2|3|Bonny North Tyne|13
NPS Book 2|3|My Love is but a Lassie yet|13
NPS Book 2|3|Corn Riggs|14
NPS Book 2|3|High Road to Linton|14
NPS Book 2|3|Biddlestone Hornpipe|15
NPS Book 2|3|Dingle Regatta|15
NPS Book 2|3|Manchester Hornpipe (The)|16
NPS Book 2|3|Locomotive (The)|16
NPS Book 2|3|Bonny Woodside|17
NPS Book 2|3|Gypsies' Lullaby|17
NPS Book 2|3|Laird of Drumblair|18
NPS Book 2|3|Memories (Reflections)|18
NPS Book 2|3|Drops and Brandy|19
NPS Book 2|3|Leaving Lismore (Fagail Lis Mor)|19
NPS Book 2|3|Dance ti thy Daddy|19
NPS Book 2|3|Riverside|20
NPS Book 2|3|Bobby Shaftoe|20
NPS Book 2|3|Billy Pigg's Hornpipe|21
NPS Book 2|3|Sunderland Lasses|21
NPS Book 2|3|Dol Li A|21
NPS Book 2|3|Glen Aln Hornpipe|22
NPS Book 2|3|Hawk (The)|22
NPS Book 2|3|Flower of the Quern|23
NPS Book 2|3|Nancy Till|23
NPS Book 2|3|Captain's Hornpipe|23
NPS Book 2|3|Burn Deviot (The)|24
NPS Book 2|3|Rights of Man|24
NPS Book 2|3|Ovingham Goose Fair|25
NPS Book 2|3|Old Drove Road|25
NPS Book 2|3|De'il among the Tailors|26
NPS Book 2|3|Flowers of the Forest|26
NPS Book 2|3|Rose Tree (The)|26
NPS Book 2|3|Alston Flower Show|27
NPS Book 2|3|Come you not from Newcastle?|27
NPS Book 2|3|Boulavogue|27
NPS Book 2|3|Linhope Loup|28
NPS Book 2|3|Lady Cassilis's|28
NPS Book 2|3|South Wind|28
NPS Book 2|3|Anne of Hindhope|29
NPS Book 2|3|Farewell to the Creeks|29
NPS Book 2|3|John MacFadyen of Melfort|30
NPS Book 2|3|Peacock followed the Hen (The)|31
NPS Book 2|3|Billy Boy|31
NPS Book 2|3|Captain Bover|31
NPS Book 2|3|Mr. Kennedy North|32
NPS Book 2|3|Dashing White Seargent|32
NPS Book 2|3|Battle of the Somme|33
NPS Book 2|3|Lament of the Bordr Widow|33
NPS Book 2|3|Breamish (The)|33
NPS Book 2|3|J. R. Pigg|34
NPS Book 2|3|Kirkconnel Lea|34
NPS Book 2|3|Wife at Usher's Well|35
NPS Book 2|3|Hexham Quadrille|35
NPS Book 2|3|Lizzie Lindsay|35
NPS Book 2|3|Hexamshire Lass (The)|36
NPS Book 2|3|Jock o' Hazledene|36
NPS Book 2|3|Slievenemon|36
NPS Book 2|3|Lord Lovat's Lament|37
NPS Book 2|3|Keelman over the Land|37
NPS Book 2|3|J. B. Milne|38
NPS Book 2|3|Kenmay House Aberdeen|38
NPS Book 2|3|Mrs E. N. Monair of Bruach|39
NPS Book 2|3|Kinclaven Brig|39
NPS Book 2|3|Highland Cradle Song|40
NPS Book 2|3|Footy agyen the Wall|40
NPS Book 2|3|Chapter of Donkeys|40
NPS Book 2|3|Coates Hall|41
NPS Book 2|3|Jean Copeland|41
NPS Book 2|3|Variations on a Children's Hymn|42
NPS Book 2|3|White Cockade (The)|43
NPS Book 2|3|Lark in the Clear Air (The)|43
NPS Book 2|3|Colosseum Hornpipe (The)|43
NPS Book 2|3|Jim Hall's Fancy|44
NPS Book 2|3|Derwentwater|45
NPS Book 2|3|Sandgate Lass's Lamentation|46
NPS Book 2|3|Cushie Butterfield|46
NPS Book 2|3|Ca' the Ewes tae the Knowes|46
NPS Book 2|3|Til the Tide comes in|47
NPS Book 2|3|Hamilton House|47
NPS Book 2|3|Adam Buckham|47
NPS Book 2|3|Kelvin Grove|48
NPS Book 2|3|My Home|48
NPS Book 2|3|Jack Gone a-Shearing|48
NPS Book 2|3|Warksburn Waltz|49
NPS Book 2|3|Will the Barber|49
NPS Book 2|3|Wey Hey Dark Mary|49
NPS Book 2|3|Hurlock's Reel|50
NPS Book 2|3|Robertson's Reel|50
NPS Book 2|3|Fair Flower of Northumberland (The)|50
NPS Book 2|3|Wild Hills of Wannies (The)|51
NPS Book 2|3|Dennis Murphy's Hornpipe|51
NPS Book 2|3|Meg Merrilees|52
NPS Book 2|3|Dr. Whittaker's Hornpipe|52
NPS Book 2|3|Hilary Macauley's Wedding|53
NPS Book 2|3|Up the Raw|53
NPS Book 2|3|Archie O' Cawfield|53
NPS Book 2|3|High Level Hornpipe (The)|54
NPS Book 2|3|Yellow Haird Laddy (The)|55
NPS Book 2|3|New Tyne Bridge|56
NPS Book 2|3|Shpw's the Way to Wallington|56
NPS Book 2|3|Follow Her over the Border|57
NPS Book 2|3|Heights of Alma|57
NPS Book 2|3|Molly at the Fair|57
NPS Book 2|3|Dorrington Lads|58
NPS Book 2|3|Cumberland Reel|58
NPS Book 2|3|Tam Glen|58
NPS Book 2|3|Coffee Bridge|59
NPS Book 2|3|Broomfield, The|59
NPS Book 2|3|Buy Brooms Buzzems|60
NPS Book 2|3|Lochaber|61
NPS Book 2|3|Andrew Carr|61
NPS Book 2|3|Peacock's Tune|61
NPS Book 2|3|Are You my Hinny Burd?|62
NPS Book 2|3|When she came by she Bobbit|62
NPS Book 2|3|Closing Date (The)|62
NPS Book 2|3|Barbara Allen|63
NPS Book 2|3|Davy Knick Knack|63
NPS Book 2|3|I Love the maiden Fair|63
NPS Book 2|3|In Praise of Islay|63
NPS Book 2|3|My Faithful Fond One|64
NPS Book 2|3|Sally Gee|64
NPS Book 3|2|Harry's Rant|1
NPS Book 3|2|Rochdale Rushcart|1
NPS Book 3|2|Spirit of the Border|1
NPS Book 3|2|Girl from the Fen, the|2
NPS Book 3|2|Shadows|2
NPS Book 3|2|A1 Jig|3
NPS Book 3|2|Bill Cassie's Jig|3
NPS Book 3|2|Hearty Lasses o' Sheilds (Th')|3
NPS Book 3|2|Candlestick (The)|4
NPS Book 3|2|Hills of Home (The)|4
NPS Book 3|2|Ruth's Reel|4
NPS Book 3|2|Five o'clock in the Morning|5
NPS Book 3|2|Quarrelsome Piper (The)|5
NPS Book 3|2|Piper (See the Quarrelsome Piper)|5
NPS Book 3|2|Thropton Races|5
NPS Book 3|2|Sweet Maid of Mull|6
NPS Book 3|2|Yvonne Karen Dunn|6
NPS Book 3|2|Grand Chain (The)|7
NPS Book 3|2|Le Grand Chien (see Grand Chain)|7
NPS Book 3|2|Miss Claire Davidson|7
NPS Book 3|2|Oh I hae seen the Roses Blaw|8
NPS Book 3|2|One after That (The)|9
NPS Book 3|2|Brafferton Village|10
NPS Book 3|2|Grey Bull Hornpipe (The)|10
NPS Book 3|2|Elspeth's Wedding March|11
NPS Book 3|2|Alfie Pigg's Jig|12
NPS Book 3|2|Joan's Tune|12
NPS Book 3|2|Bantry Bay Hornpipe|13
NPS Book 3|2|Cahiramee|13
NPS Book 3|2|Charlie Hunter|14
NPS Book 3|2|Gatehead Flower Show|14
NPS Book 3|2|Browney Banks (The)|15
NPS Book 3|2|Five Year Hornpipe|15
NPS Book 3|2|Natalie's Fancy|16
NPS Book 3|2|Treviot Brig|16
NPS Book 3|2|Wylam Bridge|16
NPS Book 3|2|James Mann of Westerhope|17
NPS Book 3|2|Tea Clipper|17
NPS Book 3|2|Against the Grain|18
NPS Book 3|2|Billy Mill Hornpipe|18
NPS Book 3|2|Kriden Fair|19
NPS Book 3|2|Moderation Jig (The)|19
NPS Book 3|2|North Star (The)|19
NPS Book 3|2|Maggie Lauder with variations|20
NPS Book 3|2|Joy of Living (The)|21
NPS Book 3|2|Lady's Well (The)|21
NPS Book 3|2|Narry the Piper|22
NPS Book 3|2|Northumberland Lady|22
NPS Book 3|2|Pipsqueak Polka|22
NPS Book 3|2|Forty-six Seconder (The)|23
NPS Book 3|2|Haight-Ashbury Waltz|23
NPS Book 3|2|Christine Taylor's Jig|24
NPS Book 3|2|Swalwell Lasses|24
NPS Book 3|2|Newcastle Hornpipe (The)|25
NPS Book 3|2|Sour Plums in Galashiels|25
NPS Book 3|2|Midnight on the Water|26
NPS Book 3|2|Pig Ankle Rag (The)|26
NPS Book 3|2|Farewell|27
NPS Book 3|2|Stockholmslåten|27
NPS Book 3|2|Willafjord|27
NPS Book 3|2|In Dispraise of Whiskey|28
NPS Book 3|2|Mr Ross of Denebank|28
NPS Book 3|2|Warkworth Castle|28
NPS Book 3|2|Dr. MacLeod of Alnwick|29
NPS Book 3|2|Trip to Bolingen (The)|29
NPS Book 3|2|Frank Bishop's Farewell|30
NPS Book 3|2|Opening Time|30
NPS Book 3|2|Sunderland Pier|30
NPS Book 3|2|Cheviot Hills|31
NPS Book 3|2|Harlow Hill Lads|31
NPS Book 3|2|Steam Plough (The)|31
NPS Book 3|2|Joys of Wedlock (The)|32
NPS Book 3|2|Little House under the Hill|32
NPS Book 3|2|Piper's Wife (The)|32
NPS Book 3|2|Groves Hornpipe (The)|33
NPS Book 3|2|Julie|34
NPS Book 3|2|Scalloway Voe|34
NPS Book 3|2|Andrew's March|35
NPS Book 3|2|Cold Nights of Winter|35
NPS Book 3|2|Marian's Reel|36
NPS Book 3|2|Mrs Elsie Archbold|36
NPS Book 3|2|Barrowburn Reel (The)|37
NPS Book 3|2|Seven Stars (The)|37
NPS Book 3|2|Anne Winstanley's Lament|38
NPS Book 3|2|London Pipers (The)|38
NPS Book 3|2|Foxglove Hornpipe (The)|39
NPS Book 3|2|Joe Hutton's March|39
NPS Book 3|2|Rusty Gully|39
NPS Book 3|2|Caddam Woods|40
NPS Book 3|2|Drink the Worts and Spill the Beer|40
NPS Book 3|2|Tombigbee Waltz|40
NPS Book 3|2|Bob and Joan|41
NPS Book 3|2|Leaving of Harbttle Crags (The)|41
NPS Book 4|1|Castle Hornpipe,  The|1
NPS Book 4|1|Cliffs of Old Tynemouth|1
NPS Book 4|1|Kielder Bumie|1
NPS Book 4|1|Meeting of the Waters|1
NPS Book 4|1|Bielbie's Hornpipe|2
NPS Book 4|1|Wade Hampton's Hornpipe|2
NPS Book 4|1|Orange and Blue|3
NPS Book 4|1|St. Cuthbert's Day|3
NPS Book 4|1|Tom Hackett's Dream|3
NPS Book 4|1|Peacock's Air,  with variations|4
NPS Book 4|1|Morpeth Pipe Band's Salute to the Chantry|5
NPS Book 4|1|Duke of Fife's Welcome to Deeside,  The|6
NPS Book 4|1|Herr Roloff's Farewell|6
NPS Book 4|1|Miss Forbes Farewell to Banff|6
NPS Book 4|1|Flowers of Edinburgh,  The|7
NPS Book 4|1|Hector the Hero|7
NPS Book 4|1|Left Handed Fiddler,  The|7
NPS Book 4|1|If ye will not have me,  ye may let me go|8
NPS Book 4|1|President Garfield's Hornpipe|8
NPS Book 4|1|Tom Dagg's Tune|8
NPS Book 4|1|Babes in the Wood|9
NPS Book 4|1|Off to California|9
NPS Book 4|1|Roslyn Castle|9
NPS Book 4|1|Herd on the Hill,  with variations|10
NPS Book 4|1|In Dispraise of Dunbar|12
NPS Book 4|1|John the Red Nose|12
NPS Book 4|1|Kielder Castle|12
NPS Book 4|1|Bagpiper's Carol,  The|13
NPS Book 4|1|Caller Herrin'|13
NPS Book 4|1|Ha' Ye Seen Owt o' ma Bonny Lad?|14
NPS Book 4|1|Wild Rose of the Mountain|14
NPS Book 4|1|Lasses Pisses Brandy,  with variations|15
NPS Book 4|1|Bonny Druridge Bay|16
NPS Book 4|1|Gairsay|16
NPS Book 4|1|Mount Your Baggage|16
NPS Book 4|1|Farewell to Whisky|17
NPS Book 4|1|Helicopter Jig,  The|17
NPS Book 4|1|Monk's March,  The|17
NPS Book 4|1|Dorrington Lads with variations|18
NPS Book 4|1|Weells Me I'm Getten Shott On Her|19
NPS Book 4|1|Ae Fond Kiss|20
NPS Book 4|1|Joanne Schofield|20
NPS Book 4|1|Ned of the Hill|20
NPS Book 4|1|Far Frae Home|21
NPS Book 4|1|Tom Mullen's Welsh Tune|21
NPS Book 4|1|William Turner's Jig|21
NPS Book 4|1|Headlands,  The|22
NPS Book 4|1|Piper in the Meadow Straying,  The|22
NPS Book 4|1|Aly's Waltz|23
NPS Book 4|1|Miss McLeod of Raasay|23
NPS Book 4|1|On the Fiddle|23
NPS Book 4|1|I'll have her awa' in Spite of her Minnie|24
NPS Book 4|1|Jockey to the Fair|25
NPS Book 4|1|Glencoe March,  The|26
NPS Book 4|1|Tushkar,  The|26
NPS Book 4|1|Da Slockit Light|27
NPS Book 4|1|Fiddler's Cramp|27
NPS Book 4|1|Independent Hornpipe,  The|27
NPS Book 4|1|Eagle's Whistle,  The|28
NPS Book 4|1|Man from Newry,  The|28
NPS Book 4|1|Teribus Ye Terioden|28
NPS Book 4|1|Read House Rant,  The|29
NPS Book 4|1|Rose Tree in Full Bearing,  The|29
NPS Book 4|1|Because He was a Bonny Lad,  with variations|30
NPS Book 4|1|Appelbolaten|31
NPS Book 4|1|Da Sweerie Box|31
NPS Book 4|1|Gilsland Hornpipe,  The|32
NPS Book 4|1|Gypsy's Hornpipe,  The|32
NPS Book 4|1|Linnen Hall|32
NPS Book 4|1|Earl of Crawford,  The|33
NPS Book 4|1|Hunter's Hill|33
NPS Book 4|1|Kirk's Hornpipe|33
NPS Book 4|1|Fairies Hornpipe,  The|34
NPS Book 4|1|Kirkgate Hornpipe,  The|34
NPS Book 4|1|Music o' Spey,  The|34
NPS Book 4|1|A M Shinnie|35
NPS Book 4|1|John of Paris|35
NPS Book 4|1|Lasses o' Dunse,  The|35
NPS Book 4|1|Lass that Made the Bed to Me,  The,  with variations|36
NPS Book 4|1|Calum's Road|37
NPS Book 4|1|Cave Hill|37
NPS Book 4|1|Memories of Father Angus MacDonnell|37
NPS Book 4|1|Leaving Lerwick Harbour|38
NPS Book 4|1|Michael Turner's Waltz|38
NPS Book 4|1|Open the Door to Three|38
NPS Book 4|1|St. Patrick's Day|38
NPS Book 4|1|Girl with the Blue Dress on|39
NPS Book 4|1|Major Mackie's Jig|39
NPS Book 4|1|North Shore,  The|39
NPS Book 4|1|Will Atkinson's Jig|39
NPS Book 4|1|Mr. Sharp's Quadrille|40
NPS Book 4|1|Galopede|42
NPS Book 4|1|Jemmy's Wallet's Stolen|42
NPS Book 4|1|Peaches and Cream|42
NPS Book 4|1|Favourite Hornpipe,  A|43
NPS Book 4|1|Miss Rowan Davies|43
NPS Book 4|1|Portsmouth|43
NPS Book 4|1|Smith's Favourite Hornpipe|43
NPS Book 4|1|Johnny Cock up yor Beaver|44
NPS Book 4|1|Sgurr of Eigg,  The|45
NPS Book 4|1|Yellow Walls Hornpipe,  The|45
NPS Book 4|1|Garden House Polka,  The|46
NPS Book 4|1|Tow House Polka|46
NPS Book 4|1|About the Bush,  Willy|47
NPS Book 4|1|Clinch Polka,  The|47
NPS Book 4|1|Margaret's Waltz|47
NPS Book 4|1|My Father's Polka, |47
NPS Book 4|1|Bold Wilkinson|48
NPS Book 4|1|New Way of Getting Bairns,  The|48
NPS Book 4|1|Jockey's a Ranter,  and Jenny's a Tearer|49
NPS Book 4|1|Matt Seattle's Jig|49
NPS Book 4|1|Miss Jean Milligan|49
NPS Book 4|1|Cut the File|50
NPS Book 4|1|Where hast thou been all the day,  waggin' thy hand?|50
NPS Book 4|1|Gaby O,  The|51
NPS Book 4|1|New Way to Rothbury,  The|51
NPS Book 4|1|Thompson's Jig|51
NPS Book 4|1|Thou Wily Young Rogue,  Oh|51
NPS Book 4|1|Goodnight and Joy be with You|52
NPS Book 4|1|Miss Loraine ofKirkharle|52
NPS Book 4|1|She's Sweetest when She's Naked|52
Peacock|1999|Frisky|1
Peacock|1999|Mile to Ride(A)|1
Peacock|1999|Welcome to the Town Again|1
Peacock|1999|Bonny Lad|2
Peacock|1999|Neil Gow's Wife|2
Peacock|1999|New Drops of Brandy|2
Peacock|1999|Lord Coventry's Minuet|3
Peacock|1999|Money Musk|3
Peacock|1999|Niel Gow|3
Peacock|1999|My Ain Kind Dearie (facsimilie)|4
Peacock|1999|My Ain Kind Dearie|5
Peacock|1999|Bonny Bay Mare and I|6
Peacock|1999|Over the Border|6
Peacock|1999|Jocky stays long at the Fair (facsimilie)|7
Peacock|1999|Over the Border (facsimilie)|7
Peacock|1999|Jocky stays long at the Fair|8
Peacock|1999|Charles Street Bath|9
Peacock|1999|Farewell|9
Peacock|1999|Bonapart's Expedition|10
Peacock|1999|Gin a Body meet a Body|10
Peacock|1999|Oh say Bonny Lass|10
Peacock|1999|General Toast (The)|11
Peacock|1999|I'm over young to marry yet|11
Peacock|1999|Paddy Whack|11
Peacock|1999|Sir Charles' Rant|11
Peacock|1999|I saw my Love come passing by Me|12
Peacock|1999|My Dearie sits ower late up|13
Peacock|1999|Meggy's Foot|14
Peacock|1999|Cuddy claw'd Her|15
Peacock|1999|Cuckold come out of the Amrey|16
Peacock|1999|Black and Grey|17
Peacock|1999|Gillan na Drover (facsimilie)|18
Peacock|1999|Wigh's Fancy (facsimilie)|18
Peacock|1999|Gillan na Drover|19
Peacock|1999|Holme's Fancy|20
Peacock|1999|Oyster Wives Rant|20
Peacock|1999|Wigh's Fancy|20
Peacock|1999|Wylam Away|21
Peacock|1999|Felton Lonning|22
Peacock|1999|Lochail's March|23
Peacock|1999|Parks of Yester (The)|23
Peacock|1999|Sutters of Selkirk (The)|24
Peacock|1999|Tulloch Goram|25
Peacock|1999|Bonny Pit Lad (facsimilie)|26
Peacock|1999|Buttered Peas (facsimilie)|26
Peacock|1999|Millers Daughter (facsimilie)|26
Peacock|1999|Bonny Pit Lad|27
Peacock|1999|Millers Daughter|27
Peacock|1999|All the Night l Lay with Jockey|28
Peacock|1999|Buttered Peas|28
Peacock|1999|Cut and Dry Dolly|29
Peacock|1999|Bobby Shaftoe (facsimilie)|30
Peacock|1999|O'er the Dyke (facsimilie)|30
Peacock|1999|Bobby Shaftoe|31
Peacock|1999|O'er the Dyke|32
Peacock|1999|Peacock followed the Hen (The)|32
Peacock|1999|Highland Laddie|33
Peacock|1999|Newmarket Races|34
Peacock|1999|Newmarket Races (facsimilie)|35
Peacock|1999|Jacky Layton (with var)|36
Peacock|1999|Highland Laddie (with var)|38
Yellow Book|3|Duchess of Northumberland|1
Yellow Book|3|Hey! For Newbiggin|1
Yellow Book|3|Mrs Fenwick|1
Yellow Book|3|Napoleon Crossing the Cheviots|2
Yellow Book|3|Yeavering Bell|2
Yellow Book|3|Katie Elliott's Jig|3
Yellow Book|3|Molly's Caulis|3
Yellow Book|3|Laird of Cockpen,  The|4
Yellow Book|3|Gilsland Hornpipe|5
Yellow Book|3|Kielder Schottische|5
Yellow Book|3|Lad Wi' the Plaidie,  The|5
Yellow Book|3|Beggar Boy|6
Yellow Book|3|Father Fielding's Favourite|6
Yellow Book|3|Kettle Drum|6
Yellow Book|3|Boy of Baliyanich|7
Yellow Book|3|Fanny Power|7
Yellow Book|3|Old Horned Sheep|7
Yellow Book|3|Jubilee Hompipe|8
Yellow Book|3|Jubilee Polka|8
Yellow Book|3|O'er the Hills and Far Away|9
Yellow Book|3|Ulgham Jubilee|9
Yellow Book|3|Clankin' Rail The|10
Yellow Book|3|Colburn Lane|10
Yellow Book|3|Sandgate Corner|10
Yellow Book|3|Anniversary Jig,  The|11
Yellow Book|3|Happy Hours|11
Yellow Book|3|Bonny Tweedside|12
Yellow Book|3|Lass o' Coquetside,  The|12
Yellow Book|3|Banks of the Tyne,  The|13
Yellow Book|3|Swans on the Wansbeck|13
Yellow Book|3|Grimaldi's Hornpipe (I)|14
Yellow Book|3|Grimaldi's Hornpipe (II)|14
Yellow Book|3|Bung your Eye|15
Yellow Book|3|No Catchee no Havee|15
Yellow Book|3|Seven Stars|15
Yellow Book|3|Trip to Tynemouth|16
Yellow Book|3|Turnpike Side,  The|16
Yellow Book|3|Tynemouth Castle|16
Yellow Book|3|Lovat Scouts|17
Yellow Book|3|Bottle Bank,  The|18
Yellow Book|3|Stephenson's Monument|18
Yellow Book|3|Leasingthome Hornpipe|19
Yellow Book|3|Stockton Hornpipe,  The|19
Yellow Book|3|Shincliffe Lasses|20
Yellow Book|3|Silver Street Lasses|20
Yellow Book|3|Bigg Market Lasses|21
Yellow Book|3|Morpeth Lasses|21
Yellow Book|3|Randy Wives of Greenlaw,  The|21
Yellow Book|3|Lads Of Whickham,  The|22
Yellow Book|3|Merry Lads of Gateshead|22
Yellow Book|3|Rantin' Lads of Whickham,  The|22
Yellow Book|3|Peter Bailey's Pig|23
Yellow Book|3|Pipers Poodle,  The|23
Yellow Book|3|XYZ|23
Yellow Book|3|Brave Lads of Galawater,  The|24
Yellow Book|3|Grant Farquharson of Inveravon|25
Yellow Book|3|Alston Flower Show,  The|26
Yellow Book|3|Hornpipe|26
Yellow Book|3|Bonnie Blue Hen,  The|27
Yellow Book|3|Gentle Maiden|27
Yellow Book|3|Mrs Elliot's Reel of Teviot Bank|27
Yellow Book|3|Kelso Accordion And Fiddle Club|28
Yellow Book|3|Miss Linda MacFarlane|28
Yellow Book|3|Nathaniel Gow's Lament for the Death of his Brother|29
Yellow Book|3|Wounded Hussar,  The|29
Yellow Book|3|Gateshead Hornpipe,  The|30
Yellow Book|3|Morpeth Tower Hornpipe|30
Yellow Book|3|Hayhole Docks Hornpipe,  The|31
Yellow Book|3|Walker Street Reel|31
Yellow Book|3|Bellingham Fair|32
Yellow Book|3|Penicuik Hornpipe,  The|32
Yellow Book|3|Fiddler's Cramp,  The|34
Yellow Book|3|Marsden Rock|34
Yellow Book|3|Cairn on the Hill,  The|35
Yellow Book|3|Dundee Hornpipe|35
Yellow Book|3|Memories of Wallington|36
Yellow Book|3|Newbiggin Hornpipe|36
Yellow Book|3|Scots Come Over the Border|36
Yellow Book|3|Girl I Left Behind Me,  The|37
Yellow Book|3|Fiery Clock Fyece,  The|38
Yellow Book|3|Lattamoor Hornpipe,  The|38
Yellow Book|3|Trip to Killingworth|38
Yellow Book|3|My Lodging is on the Cold Cold Ground|39
Yellow Book|3|Stronsay Waltz|39
Yellow Book|3|Blagdon Burn|40
Yellow Book|3|Major Russell Cairns|40
Yellow Book|3|Ravensworth Castle|40
Yellow Book|3|Boatman's Hornpipe,  The|41
Yellow Book|3|Quayside Shaver,  The|41
Yellow Book|3|Skipper's Wedding|41
Yellow Book|3|Pete Rowley's Hornpipe,  The|42
Yellow Book|3|Running Fitter,  The|43
Yellow Book|3|Kielder Castle|44
Yellow Book|3|Liberty for the Sailors|44
First 30|2008|Because He was a Bonny Lad|1
First 30|2008|Biddy the Bowl Wife|1
First 30|2008|Buttered Peas|1
First 30|2008|Chevy Chase|2
First 30|2008|Friendly Visit, The|2
First 30|2008|Herd on the Hill, The|2
First 30|2008|Hesleyside Reel, The|3
First 30|2008|Hexham Races|3
First 30|2008|Holmes' Fancy|3
First 30|2008|Keelman O'er the Land|4
First 30|2008|Lamb Skinnet|4
First 30|2008|Lads of Alnwick, The|5
First 30|2008|Lamshaw's Fancy|5
First 30|2008|Marquis of Lorne|6
First 30|2008|Roxburgh Castle|6
First 30|2008|Noble Squire Dacre|7
First 30|2008|The Old Drove Road|7
First 30|2008|Proudlock's Hornpipe|8
First 30|2008|Redesdale Hornpipe, The|8
First 30|2008|Peacock Followed the Hen, The|9
First 30|2008|Rowan Tree, The|9
First 30|2008|Jimmy Allen|9
First 30|2008|Salmon Tails up the Water|10
First 30|2008|Sir John Fenwick's the Flower Amang Them A'|10
First 30|2008|Small Coals and Little Money|11
First 30|2008|Swindon|11
First 30|2008|Ward's Brae|11
First 30|2008|Whinham's Reel|12
First 30|2008|Whittingham Green Lane|12
First 30|2008|Winster Gallop|12
Remember Me|1995|Alston Flower Show|64
Remember Me|1995|Auld Joe of Hareshawhead|44
Remember Me|1995|Barrington Polka|42
Remember Me|1995|Bearsmouth Colliery Strathspey|43
Remember Me|1995|Bellingham Boat|42
Remember Me|1995|Belum Hornpipe|19
Remember Me|1995|Braidley Hornpipe|34
Remember Me|1995|Cambo March|41
Remember Me|1995|Coal Fiddle, The|44
Remember Me|1995|Dainty Davie|58
Remember Me|1995|David's Hornpipe|29
Remember Me|1995|De'ils in the Fish, The|19
Remember Me|1995|Dolsimor Waltz, The|48
Remember Me|1995|Durham Rangers|61
Remember Me|1995|Eals for Ever|38
Remember Me|1995|Fair Hornpipe, The|31
Remember Me|1995|Fairy, The|27
Remember Me|1995|Fire Polka, The|28
Remember Me|1995|Galop|50
Remember Me|1995|Gardiner Lads|70
Remember Me|1995|Garibaldi Galop|51
Remember Me|1995|Gilsland Hornpipe|66
Remember Me|1995|Gofton House Hornpipe (Rothley Lakes)|35
Remember Me|1995|Halton-le-Gate Hornpipe|38
Remember Me|1995|Happy Land Hornpipe|18
Remember Me|1995|Hareshaw Linn|47
Remember Me|1995|Hareshawhead Strathspey|47
Remember Me|1995|Heather Bell Hornpipe|20
Remember Me|1995|Highland Lilt|22
Remember Me|1995|Highland Strathspey|23
Remember Me|1995|Hindley Steel Hornpipe|34
Remember Me|1995|Hornpipe No.1|25
Remember Me|1995|Hornpipe No.2|25
Remember Me|1995|I've Lost My Bull|20
Remember Me|1995|Jig|26
Remember Me|1995|Johnnie Pearson|30
Remember Me|1995|Johnnie's Birthday|30
Remember Me|1995|Johnnie's Made the Fire On|31
Remember Me|1995|Kinloch o'Kinloch|55
Remember Me|1995|Lass o' Gowrie, The|60
Remember Me|1995|Lass wi' the Yellow Coatie, The|61
Remember Me|1995|Little Florrie|29
Remember Me|1995|Long Long Among|54
Remember Me|1995|Me Mother's Jig (Whinham's Jig)|16
Remember Me|1995|Meg Merriles|62
Remember Me|1995|Mitford Polka|42
Remember Me|1995|Morpeth Waltz|43
Remember Me|1995|Mr White's (of Douglas) Strathspey|28
Remember Me|1995|Mrs Dickinson's Hornpipe|32
Remember Me|1995|Mrs Fidler's Fancy|32
Remember Me|1995|Mrs Thompson of Gofton's Strathspey|35
Remember Me|1995|Nae Luck About the House|56
Remember Me|1995|New High Level Hornpipe|70
Remember Me|1995|New Year's Polka, The|36
Remember Me|1995|Old Folks at Home, The|54
Remember Me|1995|Raughton Head Hornpipe (No.1)|67
Remember Me|1995|Raughton Head Hornpipe (No.2)|67
Remember Me|1995|Remember Me Hornpipe (Carrycoats Hall Hornpipe)|16
Remember Me|1995|Rose Lea|65
Remember Me|1995|Rose Scottische, The|24
Remember Me|1995|Saughey Rigg|32
Remember Me|1995|Socttische No.1|24
Remember Me|1995|Socttische No.2|24
Remember Me|1995|Sheep, The|21
Remember Me|1995|Slaggford Galop|37
Remember Me|1995|Smallpipes, The|52
Remember Me|1995|Speed the Plough|59
Remember Me|1995|Staccato Polka, The|49
Remember Me|1995|Strathspey|22
Remember Me|1995|This Is No My Ain Lassie|27
Remember Me|1995|Town Green Polka|39
Remember Me|1995|Untitled|26
Remember Me|1995|Upper Denton|68
Remember Me|1995|Wallington Bridge|39
Remember Me|1995|Walksburn Waltz|69
Remember Me|1995|Wet Day Hornpipe, The|18
Remember Me|1995|Whinham's Hornpipe|17
Remember Me|1995|Whinham's Reel|17
Remember Me|1995|Wilkinson's Hornpipe|25
Remember Me|1995|29th November, The|18
The Fiddle Music of James Hill|2005|Anybody's Hornpipe|23
The Fiddle Music of James Hill|2005|Barber's Pole, The|1
The Fiddle Music of James Hill|2005|Beeswing|1
The Fiddle Music of James Hill|2005|Black Wall Hornpipe, The|23
The Fiddle Music of James Hill|2005|Blaydon Flats|15
The Fiddle Music of James Hill|2005|Bottle Bank|2
The Fiddle Music of James Hill|2005|Cage, The|1
The Fiddle Music of James Hill|2005|California Hornpipe, The|2
The Fiddle Music of James Hill|2005|Careless Lass, The|23
The Fiddle Music of James Hill|2005|Chambers' Hornpipe|24
The Fiddle Music of James Hill|2005|Champion Hornpipe, The (by J. Hill) .....|2
The Fiddle Music of James Hill|2005|Champion Hornpipe, The (from Cole's)|25
The Fiddle Music of James Hill|2005|Charles Attwood|3
The Fiddle Music of James Hill|2005|Circassian Circle, The|18
The Fiddle Music of James Hill|2005|Clasper's Hornpipe|24
The Fiddle Music of James Hill|2005|Cliff, The|15
The Fiddle Music of James Hill|2005|Comet, The|24
The Fiddle Music of James Hill|2005|Country Lass, The|3
The Fiddle Music of James Hill|2005|Durham, The|26
The Fiddle Music of James Hill|2005|Durham Regatta|25
The Fiddle Music of James Hill|2005|Earl Grey|16
The Fiddle Music of James Hill|2005|Enterprise Hornpipe, The|5
The Fiddle Music of James Hill|2005|Favourite, The|25
The Fiddle Music of James Hill|2005|Ferry Bridge Hornpipe, The|17
The Fiddle Music of James Hill|2005|Fiddler's Fancy, The|4
The Fiddle Music of James Hill|2005|Firefly, The|26
The Fiddle Music of James Hill|2005|Fisher Lads, The|7
The Fiddle Music of James Hill|2005|Flying Dutchman, The (by J. Hill)|4
The Fiddle Music of James Hill|2005|Flying Dutchman (from NC)|26
The Fiddle Music of James Hill|2005|Fogabella|22
The Fiddle Music of James Hill|2005|Free Trade, The (by J. Hill)|4
The Fiddle Music of James Hill|2005|Free Trade, The (from Chappell's)|27
The Fiddle Music of James Hill|2005|Gardener Lads, The|16
The Fiddle Music of James Hill|2005|Gaslight Hornpipe, The|27
The Fiddle Music of James Hill|2005|Gateshead Hornpipe, The|15
The Fiddle Music of James Hill|2005|George Hunter's Shop|27
The Fiddle Music of James Hill|2005|Great Exhibition, The|3
The Fiddle Music of James Hill|2005|Gleghorn's Fancy|17
The Fiddle Music of James Hill|2005|Hawk, The|5
The Fiddle Music of James Hill|2005|Hawks' Polka|6
The Fiddle Music of James Hill|2005|High Level Bridge Hornpipe, The|6
The Fiddle Music of James Hill|2005|Hill's Fancy|18
The Fiddle Music of James Hill|2005|Hornpipe (John Smith's)|28
The Fiddle Music of James Hill|2005|Hornpipe (1)|32
The Fiddle Music of James Hill|2005|Hornpipe (2)|33
The Fiddle Music of James Hill|2005|Hornpipe (4)|32
The Fiddle Music of James Hill|2005|Hornpipe (5)|34
The Fiddle Music of James Hill|2005|Hunter, The|7
The Fiddle Music of James Hill|2005|James Brown|7
The Fiddle Music of James Hill|2005|James Hill's Reel|12
The Fiddle Music of James Hill|2005|Jenny Lind|7
The Fiddle Music of James Hill|2005|Kemp's Hornpipe|28
The Fiddle Music of James Hill|2005|Lads Like Beer, The|8
The Fiddle Music of James Hill|2005|Little Jim's Hornpipe|18
The Fiddle Music of James Hill|2005|Locomotive, The|18
The Fiddle Music of James Hill|2005|Marquis of Waterford, The|8
The Fiddle Music of James Hill|2005|Marsden Rock|28
The Fiddle Music of James Hill|2005|Merry' Lads of Gateshead, The|28
The Fiddle Music of James Hill|2005|Miss Aubone Surtees Favourite|22
The Fiddle Music of James Hill|2005|Miss Hunter's Hornpipe|9
The Fiddle Music of James Hill|2005|Monckey, The|29
The Fiddle Music of James Hill|2005|Mrs. Gibbs' Hornpipe|29
The Fiddle Music of James Hill|2005|Mug of Brown Ale, The|22
The Fiddle Music of James Hill|2005|Navvie on the Line, The|19
The Fiddle Music of James Hill|2005|Newcastle Hornpipe, The|10
The Fiddle Music of James Hill|2005|New Year's Gift, The|9
The Fiddle Music of James Hill|2005|Hornpipe - Number 8|13
The Fiddle Music of James Hill|2005|Hornpipe - Number 9|14
The Fiddle Music of James Hill|2005|Old Church Hornpipe, The|22
The Fiddle Music of James Hill|2005|Omnibus, The|10
The Fiddle Music of James Hill|2005|Pear Tree, The|9
The Fiddle Music of James Hill|2005|Prince Albert's Hornpipe|10
The Fiddle Music of James Hill|2005|Pride of the North, The|30
The Fiddle Music of James Hill|2005|Proudlock's Fancy|11
The Fiddle Music of James Hill|2005|Quayside, The|11
The Fiddle Music of James Hill|2005|Railway Bridge, The|30
The Fiddle Music of James Hill|2005|Ranting Lads of Sunderland, The|30
The Fiddle Music of James Hill|2005|Raughton Head|33
The Fiddle Music of James Hill|2005|Rights of Man, The|19
The Fiddle Music of James Hill|2005|Rink, The|31
The Fiddle Music of James Hill|2005|Rocket, The|31
The Fiddle Music of James Hill|2005|Ruby, The|15
The Fiddle Music of James Hill|2005|Scholar, The|20
The Fiddle Music of James Hill|2005|Shields Fair|19
The Fiddle Music of James Hill|2005|Smith's Hornpipe|32
The Fiddle Music of James Hill|2005|South Shore, The|20
The Fiddle Music of James Hill|2005|Spence's Tent|11
The Fiddle Music of James Hill|2005|Spotted Bitch, The|12
The Fiddle Music of James Hill|2005|Stage, The|31
The Fiddle Music of James Hill|2005|Steamboat, The|20
The Fiddle Music of James Hill|2005|Stony Steps Hornpipe, The|12
The Fiddle Music of James Hill|2005|Thomas Hair's Hornpipe|31
The Fiddle Music of James Hill|2005|Tweedly Park|12
The Fiddle Music of James Hill|2005|Tykeside|13
The Fiddle Music of James Hill|2005|Underhand, The|21
The Fiddle Music of James Hill|2005|West End, The|34
The Fiddle Music of James Hill|2005|When the Tide Comes in|13
The Fiddle Music of James Hill|2005|Whit Monday|34
The Fiddle Music of James Hill|2005|Wonder, The|21
The Fiddle Music of James Hill|2005|XYZ|21
Clough Family|2012|All the night I lay' wi Jockey|9
Clough Family|2012|Barley Mow Hornpippe, The|8
Clough Family|2012|Because He was a Bonny Lad|14
Clough Family|2012|Berwick Billy|8
Clough Family|2012|Black Cock of Wigam, The|17
Clough Family|2012|Bluebells of Scotland, The|10
Clough Family|2012|Blow the Wind Southerly|16
Clough Family|2012|Bobby Shaftoe|18
Clough Family|2012|Bonny Pit Lad, The|15
Clough Family|2012|Bonny Tweedside|17
Clough Family|2012|Bottle Bank, The|21
Clough Family|2012|Candy Auld Man, The|11
Clough Family|2012|Carriteth|5
Clough Family|2012|Colburn Lane|25
Clough Family|2012|Colliers Reel, The|50
Clough Family|2012|Corn Rigs, The|62
Clough Family|2012|Cuddy Claw'd Her|20
Clough Family|2012|Cut and Dry Dolly|22
Clough Family|2012|Dr. Whittaker's Hornpipe|7
Clough Family|2012|Duke of Atholl's Pibroch|19
Clough Family|2012|Durham Rangers|27
Clough Family|2012|East Neuk of Fife, The|24
Clough Family|2012|Elsie Marley|61
Clough Family|2012|Felton Lonnin|26
Clough Family|2012|Gan the the key wi me|55
Clough Family|2012|G H Hedley's Hornpipe|7
Clough Family|2012|Girl I left behind me, The|65
Clough Family|2012|Hawk, The|21
Clough Family|2012|Herd on the Hill, The|1
Clough Family|2012|Highland Hobby|29
Clough Family|2012|Holey Ha'penny|57
Clough Family|2012|I loe nae a laddie but ane|61
Clough Family|2012|I saw my Love come Passing by Me|28
Clough Family|2012|Jackey Layton|34
Clough Family|2012|Jenny Jones|30
Clough Family|2012|Joan's Jig|1
Clough Family|2012|Joan's Placket's Torn|29
Clough Family|2012|Jenny Bell Polka|32
Clough Family|2012|Jockey Lay up in the Hayloft|32
Clough Family|2012|John Peel|33
Clough Family|2012|Keel Row, The|60
Clough Family|2012|Lads of Alnwick, The|36
Clough Family|2012|Lucy Campbell|37
Clough Family|2012|Lullaby|4
Clough Family|2012|Maggy Lauder|40
Clough Family|2012|Maria's Frolic|33
Clough Family|2012|Melody|4
Clough Family|2012|Memories|1
Clough Family|2012|Mile to Ride, A|31
Clough Family|2012|Milkhope|36
Clough Family|2012|Minstrel's Fancy|66
Clough Family|2012|Miss Jenny Clough|5
Clough Family|2012|Miss Maydell Armstrong|6
Clough Family|2012|Mr Kennedy North|3
Clough Family|2012|Mrs McDonald|39
Clough Family|2012|My ain kind Dearie|38
Clough Family|2012|My Dearie sits over late up|42
Clough Family|2012|Nae Guid Luck about the House|44
Clough Family|2012|Nancy Clough|3
Clough Family|2012|Nelly Gray|43
Clough Family|2012|Newburn Lads|14
Clough Family|2012|New Highland Laddie|12
Clough Family|2012|New High Level, The|41
Clough Family|2012|Newmarket Races|56
Clough Family|2012|Noble Squire Dare|42
Clough Family|2012|Oh dear, what can the matter be?|46
Clough Family|2012|O Little Wot ye wha's Coming|48
Clough Family|2012|Old Tom's Rant|48
Clough Family|2012|Old Towler|64
Clough Family|2012|Peacock followed the Hen, The|45
Clough Family|2012|Pibroch o Donald Dhu|49
Clough Family|2012|Rachel Rae|49
Clough Family|2012|Reflections|4
Clough Family|2012|Scots come over the Border|53
Clough Family|2012|Shadows|6
Clough Family|2012|Sir Sidney Smith's March|51
Clough Family|2012|Speed the Plough|50
Clough Family|2012|Spirit of the Border|2
Clough Family|2012|Suttors of Selkirk, The|52
Clough Family|2012|Swallow Tail's Reel, The|66
Clough Family|2012|Take a Peep at Peggy's Foot|55
Clough Family|2012|Tailors are aal gyen Stane Blind, The|54
Clough Family|2012|Underhand, The|47
Clough Family|2012|Wedding of Blyth, The|23
Clough Family|2012|Whinham's Reel|64
Clough Family|2012|Willow Tree Hornpipe, The|2
Clough Family|2012|Within a Mile of Dublin|23
Clough Family|2012|Wounded Hussar, The|47
Clough Family|2012|Wylam Away|58
Over To You|2015|Abacus, The|17
Over To You|2015|Arcadia|18
Over To You|2015|Askern Grange|19
Over To You|2015|Balalaika|21
Over To You|2015|Beggar Your Neighbour|22
Over To You|2015|Bumpsy Daisy|23
Over To You|2015|Butter the Bread|24
Over To You|2015|Dance the Dance|25
Over To You|2015|Dony Market|27
Over To You|2015|Dozing in the Dunes|28
Over To You|2015|Dozy|29
Over To You|2015|Dress the Maypole|31
Over To You|2015|Enclosure, The|32
Over To You|2015|Fagin's Boys|33
Over To You|2015|Farewell Awhile to Whitby (D)|35
Over To You|2015|Front Door Key, The|36
Over To You|2015|Gathering Fruit|39
Over To You|2015|Good Tidy, A (D)|37
Over To You|2015|Hide and Seek|40
Over To You|2015|High Days|41
Over To You|2015|Horseback|46
Over To You|2015|I See the Sea|43
Over To You|2015|Jumping for Joy|45
Over To You|2015|Maid Marian|47
Over To You|2015|Marshmallow (A)|48
Over To You|2015|Miss Eynott (A)|49
Over To You|2015|Old Nol|51
Over To You|2015|Old Nosey|52
Over To You|2015|Over the Burn|55
Over To You|2015|Over to You|53
Over To You|2015|Parade|56
Over To You|2015|Play the Riverboat|59
Over To You|2015|Priory, The|61
Over To You|2015|Procession, The (A)|63
Over To You|2015|Promenade|65
Over To You|2015|Robin Hood's Bay|67
Over To You|2015|Robin Hood's Riding|57
Over To You|2015|See if Santa's Been|69
Over To You|2015|She's Gan over the Border|70
Over To You|2015|Slow Boat|71
Over To You|2015|Straight On|73
Over To You|2015|Tattoo|74
Over To You|2015|Threshing, The|75
Over To You|2015|Times Gone By|76
Over To You|2015|Town Hall Mansion House, The|81
Over To You|2015|Twist and Turn|79
Over To You|2015|Westward Ho!|84
Over To You|2015|When Time Goes Slow|82
Over To You|2015|Whither Thou Goest|83
Over To You|2015|Farewell Awhile to Whitby (G)|86
Over To You|2015|Good Tidy, A (G)|87
Over To You|2015|Marshmallow (G)|88
Over To You|2015|Miss Eynott (G)|89
Over To You|2015|Procession, The (G)|90
The Piper's Companion - Volume I|1995|Whittingham Green Lane|5
The Piper's Companion - Volume I|1995|Sir John Fenwick's the Flower amang them all|6
The Piper's Companion - Volume I|1995|Because he was a Bonny Lad|7
The Piper's Companion - Volume I|1995|Jimmy Allen|7
The Piper's Companion - Volume I|1995|Buttered Peas|8
The Piper's Companion - Volume I|1995|Lamshaw's Fancy|9
The Piper's Companion - Volume I|1995|Ward's Brae|9
The Piper's Companion - Volume I|1995|Proudlock's Hornpipe|10
The Piper's Companion - Volume I|1995|Redesdale Hornpipe|11
The Piper's Companion - Volume I|1995|Swindon|12
The Piper's Companion - Volume I|1995|Elsey's Waltz|13
The Piper's Companion - Volume I|1995|The Pipemaker's Hornpipe|14
The Piper's Companion - Volume I|1995|Rowantree Hill|15
The Piper's Companion - Volume I|1995|Rothbury Hills|16
The Piper's Companion - Volume I|1995|Bracken Rigg|18
The Piper's Companion - Volume I|1995|The College Valley Hunt|19
The Piper's Companion - Volume I|1995|Archie's Fancy|20
The Piper's Companion - Volume I|1995|Gypsy's Lullaby|22
The Piper's Companion - Volume I|1995|Reflections|23
The Piper's Companion - Volume I|1995|Mr Kennedy North|24
The Piper's Companion - Volume I|1995|Bonny North Tyne|25
The Piper's Companion - Volume I|1995|Miss Forbes' Farewell to Banff|26
The Piper's Companion - Volume I|1995|Mrs Jamieson's Favourite|27
The Piper's Companion - Volume I|1995|Mrs Helen Robertson|28
The Piper's Companion - Volume I|1995|Planxty Brown|29
The Piper's Companion - Volume I|1995|Planxty Fanny Powers|30
The Piper's Companion - Volume I|1995|Planxty Mrs O'Connor|31
The Piper's Companion - Volume I|1995|Thomas Leixlip the Proud|32
The Piper's Companion - Volume II|2002|Margy's Maggot|5
The Piper's Companion - Volume II|2002|The Keel Row|6
The Piper's Companion - Volume II|2002|Bobby Shaftoe|6
The Piper's Companion - Volume II|2002|The Blackthorn Stick|7
The Piper's Companion - Volume II|2002|Davy Knick Knack|8
The Piper's Companion - Volume II|2002|Lovat Scouts|8
The Piper's Companion - Volume II|2002|The Friendly Visit|9
The Piper's Companion - Volume II|2002|Sir Sydney Smith's March|10
The Piper's Companion - Volume II|2002|Lamb Skinnet|11
The Piper's Companion - Volume II|2002|The Banks of Allen Water|12
The Piper's Companion - Volume II|2002|Noble Squire Dacre|12
The Piper's Companion - Volume II|2002|King of the Fairies|14
The Piper's Companion - Volume II|2002|The Rights of Man|15
The Piper's Companion - Volume II|2002|Linhope Loup|16
The Piper's Companion - Volume II|2002|The South Shore|17
The Piper's Companion - Volume II|2002|The Locomotive|18
The Piper's Companion - Volume II|2002|The Fair Flower of Northumberland|19
The Piper's Companion - Volume II|2002|Lads of North Tyne|20
The Piper's Companion - Volume II|2002|The Eriskay Love Lilt|21
The Piper's Companion - Volume II|2002|The Peacock Followed the Hen|22
The Piper's Companion - Volume II|2002|Billy Boy|22
The Piper's Companion - Volume II|2002|Winster Gallop|24
The Piper's Companion - Volume II|2002|Lochaber|26
The Piper's Companion - Volume II|2002|Bonnie Dundee|28
The Piper's Companion - Volume II|2002|Gentle Maiden|30
The Piper's Companion - Volume II|2002|The Skye Boat Song|32
The Piper's Companion - Volume II|2002|The Flower of the Quern|34
The Piper's Companion - Volume II|2002|Leaving Lishmore|36
The Piper's Companion - Volume II|2002|The Warksburn Waltz|38
The Piper's Companion - Volume II|2002|The Lark in the Clear Air|40
The Piper's Companion - Volume II|2002|Dream Angus|42
The Piper's Companion - Volume II|2002|My Pretty Fair Maid|44
Classics for Folk - Volume V of The Piper's Companion|1995|Minuet in G - J.S. Bach|5
Classics for Folk - Volume V of The Piper's Companion|1995|Le Petit Rien - Couperin|6
Classics for Folk - Volume V of The Piper's Companion|1995|Minuet - Handel|7
Classics for Folk - Volume V of The Piper's Companion|1995|Prelude to 'Te Deum' - Charpentier|8
Classics for Folk - Volume V of The Piper's Companion|1995|March from 'Scipio' - Handel|9
Classics for Folk - Volume V of The Piper's Companion|1995|La Volta - Anon|10
Classics for Folk - Volume V of The Piper's Companion|1995|Rigaudon - Purcell|11
Classics for Folk - Volume V of The Piper's Companion|1995|Pastorale - Hook|12
Classics for Folk - Volume V of The Piper's Companion|1995|Musette - Chedeville|13
Classics for Folk - Volume V of The Piper's Companion|1995|The Reapers - Couperin|14
Classics for Folk - Volume V of The Piper's Companion|1995|Andante Grazioso - Mozart|15
Classics for Folk - Volume V of The Piper's Companion|1995|Jesu, Joy of Man's Desiring - Bach|16
Classics for Folk - Volume V of The Piper's Companion|1995|Caro Mio Ben - Giordani|18
Classics for Folk - Volume V of The Piper's Companion|1995|Cradle Song - Schubert|19
Classics for Folk - Volume V of The Piper's Companion|1995|Le Basque - Marais|20
Classics for Folk - Volume V of The Piper's Companion|1995|Tambourin - Gossec|22
Classics for Folk - Volume V of The Piper's Companion|1995|Polka - Weinberger|24
Classics for Folk - Volume V of The Piper's Companion|1995|Lullaby - Brahms|25
Classics for Folk - Volume V of The Piper's Companion|1995|Nocturne - Mendelssohn|26
Classics for Folk - Volume V of The Piper's Companion|1995|St Anthony Chorale - Haydn|28
Classics for Folk - Volume V of The Piper's Companion|1995|Legend - Tchaikovsky|29
Classics for Folk - Volume V of The Piper's Companion|1995|Bridal Chorus - Wagner|30
Classics for Folk - Volume V of The Piper's Companion|1995|Largo - Dvorak|31
The Wild Hills o' Wannies - Volume VII of The Piper's Companion|1999|The Wild Hills o' Wannies|5
The Wild Hills o' Wannies - Volume VII of The Piper's Companion|1999|Spinning Song|6
The Wild Hills o' Wannies - Volume VII of The Piper's Companion|1999|Small Coal and Little Money|7
The Wild Hills o' Wannies - Volume VII of The Piper's Companion|1999|Cuckold came out of the Amery|7
The Wild Hills o' Wannies - Volume VII of The Piper's Companion|1999|Bonny Ann|8
The Wild Hills o' Wannies - Volume VII of The Piper's Companion|1999|The Red Plaid|8
The Wild Hills o' Wannies - Volume VII of The Piper's Companion|1999|Sleepy Meggy|9
The Wild Hills o' Wannies - Volume VII of The Piper's Companion|1999|Kielder Castle|10
The Wild Hills o' Wannies - Volume VII of The Piper's Companion|1999|Jenny Nettles|11
The Wild Hills o' Wannies - Volume VII of The Piper's Companion|1999|Noël Nouvelet|11
The Wild Hills o' Wannies - Volume VII of The Piper's Companion|1999|Morpeth Lasses|12
The Wild Hills o' Wannies - Volume VII of The Piper's Companion|1999|Dear Tobacco|12
The Wild Hills o' Wannies - Volume VII of The Piper's Companion|1999|The Dark Island|13
The Wild Hills o' Wannies - Volume VII of The Piper's Companion|1999|The Gobby-O|14
The Wild Hills o' Wannies - Volume VII of The Piper's Companion|1999|The Bank of Spey|15
The Wild Hills o' Wannies - Volume VII of The Piper's Companion|1999|Greenwoodside|16
The Wild Hills o' Wannies - Volume VII of The Piper's Companion|1999|Gaelic Lullaby|17
The Wild Hills o' Wannies - Volume VII of The Piper's Companion|1999|The Homecoming|18
The Wild Hills o' Wannies - Volume VII of The Piper's Companion|1999|The Monkey and the Mirror|19
The Wild Hills o' Wannies - Volume VII of The Piper's Companion|1999|Campbell's Farewell to Redcastle|20
The Wild Hills o' Wannies - Volume VII of The Piper's Companion|1999|The Red-haired Boy|21
The Wild Hills o' Wannies - Volume VII of The Piper's Companion|1999|Flying the Kite|22
The Wild Hills o' Wannies - Volume VII of The Piper's Companion|1999|Sleep Sound in da Morning|23
The Wild Hills o' Wannies - Volume VII of The Piper's Companion|1999|J R Pigg|24
The Wild Hills o' Wannies - Volume VII of The Piper's Companion|1999|Skye Crofters|26
The Wild Hills o' Wannies - Volume VII of The Piper's Companion|1999|The Highland Boat Song|28
The Wild Hills o' Wannies - Volume VII of The Piper's Companion|1999|Roslin Castle|29
The Wild Hills o' Wannies - Volume VII of The Piper's Companion|1999|Lannigan's Ball|30
The Wild Hills o' Wannies - Volume VII of The Piper's Companion|1999|Jacky Tar|30
The Wild Hills o' Wannies - Volume VII of The Piper's Companion|1999|Gilderoy|31
The Wild Hills o' Wannies - Volume VII of The Piper's Companion|1999|High Tide|32
The Wild Hills o' Wannies - Volume VII of The Piper's Companion|1999|A Wife of my Own|33
The Wild Hills o' Wannies - Volume VII of The Piper's Companion|1999|The Raggle Taggle Gypsies|33
The Wild Hills o' Wannies - Volume VII of The Piper's Companion|1999|Ca' Hawkie|34
The Wild Hills o' Wannies - Volume VII of The Piper's Companion|1999|Ca' the Yows|34
The Wild Hills o' Wannies - Volume VII of The Piper's Companion|1999|The New Tyne Bridge|35
The Wild Hills o' Wannies - Volume VII of The Piper's Companion|1999|Whittingham Fair|35
The Wild Hills o' Wannies - Volume VII of The Piper's Companion|1999|Johnny Lad|36
The Wild Hills o' Wannies - Volume VII of The Piper's Companion|1999|Do-li-a|36
The Wild Hills o' Wannies - Volume VII of The Piper's Companion|1999|Balquidder Lasses|37
The Wild Hills o' Wannies - Volume VII of The Piper's Companion|1999|The Gypsies|38